"../../../Engine/Content/EditorResources/S_Actor.ubulk" 0
"../../../Engine/Content/EditorResources/S_Actor.uasset" 1
"../../../Engine/Content/EditorResources/S_Actor.uexp" 2
"../../../Engine/Content/EditorResources/S_BoxReflectionCapture.uasset" 3
"../../../Engine/Content/EditorResources/S_BoxReflectionCapture.uexp" 4
"../../../Engine/Content/EngineResources/DefaultTexture.ubulk" 5
"../../../Engine/Content/EngineResources/DefaultTexture.uasset" 6
"../../../Engine/Content/EngineResources/DefaultTexture.uexp" 7
"../../../Engine/Content/EngineResources/DefaultTextureCube.uasset" 8
"../../../Engine/Content/EngineResources/DefaultTextureCube.uexp" 9
"../../../Engine/Content/EngineResources/DefaultVolumeTexture2D.uasset" 10
"../../../Engine/Content/EngineResources/DefaultVolumeTexture2D.uexp" 11
"../../../Engine/Content/EngineResources/DefaultVolumeTexture.uasset" 12
"../../../Engine/Content/EngineResources/DefaultVolumeTexture.uexp" 13
"../../../Engine/Content/EditorResources/S_Trigger.ubulk" 14
"../../../Engine/Content/EditorResources/S_Trigger.uasset" 15
"../../../Engine/Content/EditorResources/S_Trigger.uexp" 16
"../../../Engine/Content/EditorResources/S_TriggerBox.uasset" 17
"../../../Engine/Content/EditorResources/S_TriggerBox.uexp" 18
"../../../Engine/Content/EditorResources/S_TriggerCapsule.uasset" 19
"../../../Engine/Content/EditorResources/S_TriggerCapsule.uexp" 20
"../../../Engine/Content/EditorResources/S_TriggerSphere.uasset" 21
"../../../Engine/Content/EditorResources/S_TriggerSphere.uexp" 22
"../../../Engine/Content/EngineMeshes/Sphere.ubulk" 23
"../../../Engine/Content/EngineMeshes/Sphere.uasset" 24
"../../../Engine/Content/EngineMeshes/Sphere.uexp" 25
"../../../Engine/Content/EngineResources/GradientTexture0.uasset" 26
"../../../Engine/Content/EngineResources/GradientTexture0.uexp" 27
"../../../Engine/Content/EngineResources/Black.uasset" 28
"../../../Engine/Content/EngineResources/Black.uexp" 29
"../../../Engine/Content/VREditor/LaserPointer/VR_LaserPower_01.ubulk" 30
"../../../Engine/Content/VREditor/LaserPointer/VR_LaserPower_01.uasset" 31
"../../../Engine/Content/VREditor/LaserPointer/VR_LaserPower_01.uexp" 32
"../../../Engine/Content/VREditor/TransformGizmo/TransformGizmoMaterial.uasset" 33
"../../../Engine/Content/VREditor/TransformGizmo/TransformGizmoMaterial.uexp" 34
"../../../Engine/Content/VREditor/TransformGizmo/TranslucentTransformGizmoMaterial.uasset" 35
"../../../Engine/Content/VREditor/TransformGizmo/TranslucentTransformGizmoMaterial.uexp" 36
"../../../Engine/Content/VREditor/TransformGizmo/BoundingBoxCorner.ubulk" 37
"../../../Engine/Content/VREditor/TransformGizmo/BoundingBoxCorner.uasset" 38
"../../../Engine/Content/VREditor/TransformGizmo/BoundingBoxCorner.uexp" 39
"../../../Engine/Content/VREditor/TransformGizmo/BoundingBoxEdge.ubulk" 40
"../../../Engine/Content/VREditor/TransformGizmo/BoundingBoxEdge.uasset" 41
"../../../Engine/Content/VREditor/TransformGizmo/BoundingBoxEdge.uexp" 42
"../../../Engine/Content/VREditor/TransformGizmo/Main.uasset" 43
"../../../Engine/Content/VREditor/TransformGizmo/Main.uexp" 44
"../../../Engine/Content/VREditor/TransformGizmo/Xray.uasset" 45
"../../../Engine/Content/VREditor/TransformGizmo/Xray.uexp" 46
"../../../Engine/Content/VREditor/TransformGizmo/SM_Sequencer_Node.ubulk" 47
"../../../Engine/Content/VREditor/TransformGizmo/SM_Sequencer_Node.uasset" 48
"../../../Engine/Content/VREditor/TransformGizmo/SM_Sequencer_Node.uexp" 49
"../../../Engine/Content/EditorResources/S_Solver.ubulk" 50
"../../../Engine/Content/EditorResources/S_Solver.uasset" 51
"../../../Engine/Content/EditorResources/S_Solver.uexp" 52
"../../../Engine/Content/EditorMaterials/Camera/CineMat.uasset" 53
"../../../Engine/Content/EditorMaterials/Camera/CineMat.uexp" 54
"../../../Engine/Content/EditorMaterials/Camera/MI_CineMat_Rig.uasset" 55
"../../../Engine/Content/EditorMaterials/Camera/MI_CineMat_Rig.uexp" 56
"../../../Engine/Content/EditorMeshes/Camera/SM_CraneRig_Base.ubulk" 57
"../../../Engine/Content/EditorMeshes/Camera/SM_CraneRig_Base.uasset" 58
"../../../Engine/Content/EditorMeshes/Camera/SM_CraneRig_Base.uexp" 59
"../../../Engine/Content/EditorMeshes/Camera/SM_CraneRig_Arm.ubulk" 60
"../../../Engine/Content/EditorMeshes/Camera/SM_CraneRig_Arm.uasset" 61
"../../../Engine/Content/EditorMeshes/Camera/SM_CraneRig_Arm.uexp" 62
"../../../Engine/Content/EditorMeshes/Camera/SM_CraneRig_Mount.ubulk" 63
"../../../Engine/Content/EditorMeshes/Camera/SM_CraneRig_Mount.uasset" 64
"../../../Engine/Content/EditorMeshes/Camera/SM_CraneRig_Mount.uexp" 65
"../../../Engine/Content/EditorMeshes/Camera/SM_CraneRig_Body.ubulk" 66
"../../../Engine/Content/EditorMeshes/Camera/SM_CraneRig_Body.uasset" 67
"../../../Engine/Content/EditorMeshes/Camera/SM_CraneRig_Body.uexp" 68
"../../../Engine/Content/EditorMeshes/Camera/SM_RailRig_Track.ubulk" 69
"../../../Engine/Content/EditorMeshes/Camera/SM_RailRig_Track.uasset" 70
"../../../Engine/Content/EditorMeshes/Camera/SM_RailRig_Track.uexp" 71
"../../../Engine/Content/EditorMeshes/Camera/SM_RailRig_Mount.ubulk" 72
"../../../Engine/Content/EditorMeshes/Camera/SM_RailRig_Mount.uasset" 73
"../../../Engine/Content/EditorMeshes/Camera/SM_RailRig_Mount.uexp" 74
"../../../Engine/Content/EngineMaterials/T_Default_Material_Grid_M.ubulk" 75
"../../../Engine/Content/EngineMaterials/T_Default_Material_Grid_M.uasset" 76
"../../../Engine/Content/EngineMaterials/T_Default_Material_Grid_M.uexp" 77
"../../../Engine/Content/EngineMaterials/T_Default_Material_Grid_N.ubulk" 78
"../../../Engine/Content/EngineMaterials/T_Default_Material_Grid_N.uasset" 79
"../../../Engine/Content/EngineMaterials/T_Default_Material_Grid_N.uexp" 80
"../../../Engine/Content/Functions/Engine_MaterialFunctions01/Opacity/CameraDepthFade.uasset" 81
"../../../Engine/Content/Functions/Engine_MaterialFunctions01/Opacity/CameraDepthFade.uexp" 82
"../../../Engine/Content/EngineMaterials/WorldGridMaterial.uasset" 83
"../../../Engine/Content/EngineMaterials/WorldGridMaterial.uexp" 84
"../../../Engine/Content/ArtTools/RenderToTexture/Meshes/S_1_Unit_Plane.ubulk" 85
"../../../Engine/Content/ArtTools/RenderToTexture/Meshes/S_1_Unit_Plane.uasset" 86
"../../../Engine/Content/ArtTools/RenderToTexture/Meshes/S_1_Unit_Plane.uexp" 87
"../../../Engine/Content/EditorMaterials/ParticleSystems/PSysThumbnail_NoImage.ubulk" 88
"../../../Engine/Content/EditorMaterials/ParticleSystems/PSysThumbnail_NoImage.uasset" 89
"../../../Engine/Content/EditorMaterials/ParticleSystems/PSysThumbnail_NoImage.uexp" 90
"../../../Engine/Content/EditorMaterials/ParticleSystems/PSysThumbnail_OOD.ubulk" 91
"../../../Engine/Content/EditorMaterials/ParticleSystems/PSysThumbnail_OOD.uasset" 92
"../../../Engine/Content/EditorMaterials/ParticleSystems/PSysThumbnail_OOD.uexp" 93
"../../../Engine/Content/EditorLandscapeResources/SplineEditorMeshMat.uasset" 94
"../../../Engine/Content/EditorLandscapeResources/SplineEditorMeshMat.uexp" 95
"../../../Engine/Content/EditorLandscapeResources/SplineEditorMesh.ubulk" 96
"../../../Engine/Content/EditorLandscapeResources/SplineEditorMesh.uasset" 97
"../../../Engine/Content/EditorLandscapeResources/SplineEditorMesh.uexp" 98
"../../../Engine/Content/EngineMaterials/DefaultMaterial.uasset" 99
"../../../Engine/Content/EngineMaterials/DefaultMaterial.uexp" 100
"../../../Engine/Content/BasicShapes/Cylinder.ubulk" 101
"../../../Engine/Content/BasicShapes/Cylinder.uasset" 102
"../../../Engine/Content/BasicShapes/Cylinder.uexp" 103
"../../../Engine/Plugins/Marketplace/VoxelFree_5.4/Content/Examples/Importers/Chair/VoxelExample_T_Chair_N.ubulk" 104
"../../../Engine/Plugins/Marketplace/VoxelFree_5.4/Content/Examples/Importers/Chair/VoxelExample_T_Chair_N.uasset" 105
"../../../Engine/Plugins/Marketplace/VoxelFree_5.4/Content/Examples/Importers/Chair/VoxelExample_T_Chair_N.uexp" 106
"../../../Engine/Plugins/Marketplace/VoxelFree_5.4/Content/Examples/Importers/Chair/VoxelExample_T_Chair_M.ubulk" 107
"../../../Engine/Plugins/Marketplace/VoxelFree_5.4/Content/Examples/Importers/Chair/VoxelExample_T_Chair_M.uasset" 108
"../../../Engine/Plugins/Marketplace/VoxelFree_5.4/Content/Examples/Importers/Chair/VoxelExample_T_Chair_M.uexp" 109
"../../../Engine/Plugins/Marketplace/VoxelFree_5.4/Content/Examples/Importers/Chair/VoxelExample_M_Chair.uasset" 110
"../../../Engine/Plugins/Marketplace/VoxelFree_5.4/Content/Examples/Importers/Chair/VoxelExample_M_Chair.uexp" 111
"../../../Engine/Plugins/Marketplace/VoxelFree_5.4/Content/Examples/Importers/Chair/VoxelExample_SM_Chair.ubulk" 112
"../../../Engine/Plugins/Marketplace/VoxelFree_5.4/Content/Examples/Importers/Chair/VoxelExample_SM_Chair.uasset" 113
"../../../Engine/Plugins/Marketplace/VoxelFree_5.4/Content/Examples/Importers/Chair/VoxelExample_SM_Chair.uexp" 114
"../../../Engine/Content/BasicShapes/Cube.ubulk" 115
"../../../Engine/Content/BasicShapes/Cube.uasset" 116
"../../../Engine/Content/BasicShapes/Cube.uexp" 117
"../../../Engine/Content/BasicShapes/Sphere.ubulk" 118
"../../../Engine/Content/BasicShapes/Sphere.uasset" 119
"../../../Engine/Content/BasicShapes/Sphere.uexp" 120
"../../../Engine/Plugins/Marketplace/VoxelFree_5.4/Content/Examples/VoxelDefaultBrushMask.uasset" 121
"../../../Engine/Plugins/Marketplace/VoxelFree_5.4/Content/Examples/VoxelDefaultBrushMask.uexp" 122
"../../../Engine/Content/BasicShapes/Plane.ubulk" 123
"../../../Engine/Content/BasicShapes/Plane.uasset" 124
"../../../Engine/Content/BasicShapes/Plane.uexp" 125
"../../../Engine/Content/EditorResources/S_Terrain.ubulk" 126
"../../../Engine/Content/EditorResources/S_Terrain.uasset" 127
"../../../Engine/Content/EditorResources/S_Terrain.uexp" 128
"../../../Engine/Plugins/Media/MediaPlate/Content/SM_MediaPlateScreen.ubulk" 129
"../../../Engine/Plugins/Media/MediaPlate/Content/SM_MediaPlateScreen.uasset" 130
"../../../Engine/Plugins/Media/MediaPlate/Content/SM_MediaPlateScreen.uexp" 131
"../../../Engine/Plugins/Marketplace/VoxelFree_5.4/Content/Preview/SM_Plane.ubulk" 132
"../../../Engine/Plugins/Marketplace/VoxelFree_5.4/Content/Preview/SM_Plane.uasset" 133
"../../../Engine/Plugins/Marketplace/VoxelFree_5.4/Content/Preview/SM_Plane.uexp" 134
"../../../Engine/Content/EngineMaterials/DefaultBokeh.uasset" 135
"../../../Engine/Content/EngineMaterials/DefaultBokeh.uexp" 136
"../../../Engine/Content/EngineMaterials/MiniFont.uasset" 137
"../../../Engine/Content/EngineMaterials/MiniFont.uexp" 138
"../../../Engine/Content/EngineMaterials/WeightMapPlaceholderTexture.uasset" 139
"../../../Engine/Content/EngineMaterials/WeightMapPlaceholderTexture.uexp" 140
"../../../Engine/Content/EngineMaterials/WeightMapArrayPlaceholderTexture.uasset" 141
"../../../Engine/Content/EngineMaterials/WeightMapArrayPlaceholderTexture.uexp" 142
"../../../Engine/Content/EngineMaterials/PreintegratedSkinBRDF.uasset" 143
"../../../Engine/Content/EngineMaterials/PreintegratedSkinBRDF.uexp" 144
"C:/Users/abhij/Documents/Unreal Projects/Dissertation/Content/VG_SolidWorld.uasset" 145
"C:/Users/abhij/Documents/Unreal Projects/Dissertation/Content/VG_SolidWorld.uexp" 146
"../../../Engine/Content/EditorMaterials/Anchor.uasset" 147
"../../../Engine/Content/EditorMaterials/Anchor.uexp" 148
"../../../Engine/Content/EngineResources/AICON-Green.uasset" 149
"../../../Engine/Content/EngineResources/AICON-Green.uexp" 150
"../../../Engine/Content/EditorResources/Ai_Spawnpoint.ubulk" 151
"../../../Engine/Content/EditorResources/Ai_Spawnpoint.uasset" 152
"../../../Engine/Content/EditorResources/Ai_Spawnpoint.uexp" 153
"../../../Engine/Content/EngineResources/AICON-Red.uasset" 154
"../../../Engine/Content/EngineResources/AICON-Red.uexp" 155
"C:/Users/abhij/Documents/Unreal Projects/Dissertation/Content/DT_ShopItems.uasset" 156
"C:/Users/abhij/Documents/Unreal Projects/Dissertation/Content/DT_ShopItems.uexp" 157
"../../../Engine/Content/Functions/Engine_MaterialFunctions02/WorldPositionOffset/CameraOffset.uasset" 158
"../../../Engine/Content/Functions/Engine_MaterialFunctions02/WorldPositionOffset/CameraOffset.uexp" 159
"../../../Engine/Plugins/Animation/ControlRig/Content/M_Manip.uasset" 160
"../../../Engine/Plugins/Animation/ControlRig/Content/M_Manip.uexp" 161
"../../../Engine/Plugins/2D/Paper2D/Content/PlaceholderTextures/DummySpriteTexture.ubulk" 162
"../../../Engine/Plugins/2D/Paper2D/Content/PlaceholderTextures/DummySpriteTexture.uasset" 163
"../../../Engine/Plugins/2D/Paper2D/Content/PlaceholderTextures/DummySpriteTexture.uexp" 164
"../../../Engine/Plugins/2D/Paper2D/Content/DefaultSpriteMaterial.uasset" 165
"../../../Engine/Plugins/2D/Paper2D/Content/DefaultSpriteMaterial.uexp" 166
"../../../Engine/Plugins/2D/Paper2D/Content/OpaqueUnlitSpriteMaterial.uasset" 167
"../../../Engine/Plugins/2D/Paper2D/Content/OpaqueUnlitSpriteMaterial.uexp" 168
"../../../Engine/Plugins/2D/Paper2D/Content/MaskedUnlitSpriteMaterial.uasset" 169
"../../../Engine/Plugins/2D/Paper2D/Content/MaskedUnlitSpriteMaterial.uexp" 170
"../../../Engine/Plugins/2D/Paper2D/Content/DummySprite.uasset" 171
"../../../Engine/Plugins/2D/Paper2D/Content/DummySprite.uexp" 172
"../../../Engine/Plugins/2D/Paper2D/Content/DefaultPaperTerrainMaterial.uasset" 173
"../../../Engine/Plugins/2D/Paper2D/Content/DefaultPaperTerrainMaterial.uexp" 174
"../../../Engine/Plugins/Runtime/MeshModelingToolset/Content/Materials/M_DynamicMeshComponentVtxColor.uasset" 175
"../../../Engine/Plugins/Runtime/MeshModelingToolset/Content/Materials/M_DynamicMeshComponentVtxColor.uexp" 176
"../../../Engine/Content/Functions/Engine_MaterialFunctions02/Utility/VectorLength.uasset" 177
"../../../Engine/Content/Functions/Engine_MaterialFunctions02/Utility/VectorLength.uexp" 178
"../../../Engine/Content/Functions/Engine_MaterialFunctions02/WorldPositionOffset/ObjectScale.uasset" 179
"../../../Engine/Content/Functions/Engine_MaterialFunctions02/WorldPositionOffset/ObjectScale.uexp" 180
"../../../Engine/Plugins/Marketplace/VoxelFree_5.4/Content/MaterialHelpers/Voxel_LocalPosition.uasset" 181
"../../../Engine/Plugins/Marketplace/VoxelFree_5.4/Content/MaterialHelpers/Voxel_LocalPosition.uexp" 182
"../../../Engine/Content/Functions/Engine_MaterialFunctions02/Utility/BreakOutFloat2Components.uasset" 183
"../../../Engine/Content/Functions/Engine_MaterialFunctions02/Utility/BreakOutFloat2Components.uexp" 184
"../../../Engine/Plugins/Marketplace/VoxelFree_5.4/Content/ToolMaterials/ViewportPlaneMaterial.uasset" 185
"../../../Engine/Plugins/Marketplace/VoxelFree_5.4/Content/ToolMaterials/ViewportPlaneMaterial.uexp" 186
"../../../Engine/Content/Functions/Engine_MaterialFunctions02/Utility/MakeFloat4.uasset" 187
"../../../Engine/Content/Functions/Engine_MaterialFunctions02/Utility/MakeFloat4.uexp" 188
"../../../Engine/Content/Functions/Engine_MaterialFunctions02/SmoothStep.uasset" 189
"../../../Engine/Content/Functions/Engine_MaterialFunctions02/SmoothStep.uexp" 190
"../../../Engine/Content/Functions/Engine_MaterialFunctions01/Gradient/LinearGradient.uasset" 191
"../../../Engine/Content/Functions/Engine_MaterialFunctions01/Gradient/LinearGradient.uexp" 192
"../../../Engine/Content/Functions/Engine_MaterialFunctions01/ImageAdjustment/CheapContrast.uasset" 193
"../../../Engine/Content/Functions/Engine_MaterialFunctions01/ImageAdjustment/CheapContrast.uexp" 194
"../../../Engine/Content/Functions/Engine_MaterialFunctions02/Utility/BreakOutFloat3Components.uasset" 195
"../../../Engine/Content/Functions/Engine_MaterialFunctions02/Utility/BreakOutFloat3Components.uexp" 196
"../../../Engine/Plugins/Marketplace/VoxelFree_5.4/Content/ToolMaterials/ToolRenderingMaterial.uasset" 197
"../../../Engine/Plugins/Marketplace/VoxelFree_5.4/Content/ToolMaterials/ToolRenderingMaterial.uexp" 198
"../../../Engine/Plugins/Marketplace/VoxelFree_5.4/Content/ToolMaterials/ToolRenderingMaterial_Trim.uasset" 199
"../../../Engine/Plugins/Marketplace/VoxelFree_5.4/Content/ToolMaterials/ToolRenderingMaterial_Trim.uexp" 200
"../../../Engine/Plugins/Marketplace/VoxelFree_5.4/Content/ToolMaterials/ToolRenderingMaterial_Surface.uasset" 201
"../../../Engine/Plugins/Marketplace/VoxelFree_5.4/Content/ToolMaterials/ToolRenderingMaterial_Surface.uexp" 202
"../../../Engine/Plugins/Marketplace/VoxelFree_5.4/Content/ToolMaterials/ToolRenderingMaterial_Sphere.uasset" 203
"../../../Engine/Plugins/Marketplace/VoxelFree_5.4/Content/ToolMaterials/ToolRenderingMaterial_Sphere.uexp" 204
"../../../Engine/Plugins/Marketplace/VoxelFree_5.4/Content/ToolMaterials/ToolRenderingMaterial_Smooth.uasset" 205
"../../../Engine/Plugins/Marketplace/VoxelFree_5.4/Content/ToolMaterials/ToolRenderingMaterial_Smooth.uexp" 206
"../../../Engine/Plugins/Marketplace/VoxelFree_5.4/Content/ToolMaterials/ToolRenderingMaterial_Flatten.uasset" 207
"../../../Engine/Plugins/Marketplace/VoxelFree_5.4/Content/ToolMaterials/ToolRenderingMaterial_Flatten.uexp" 208
"../../../Engine/Plugins/Marketplace/VoxelFree_5.4/Content/ToolMaterials/ToolMeshMaterial.uasset" 209
"../../../Engine/Plugins/Marketplace/VoxelFree_5.4/Content/ToolMaterials/ToolMeshMaterial.uexp" 210
"../../../Engine/Plugins/Marketplace/VoxelFree_5.4/Content/ToolMaterials/ToolMeshMaterial_Sphere.uasset" 211
"../../../Engine/Plugins/Marketplace/VoxelFree_5.4/Content/ToolMaterials/ToolMeshMaterial_Sphere.uexp" 212
"../../../Engine/Plugins/Marketplace/VoxelFree_5.4/Content/ToolMaterials/ToolMeshMaterial_Mesh.uasset" 213
"../../../Engine/Plugins/Marketplace/VoxelFree_5.4/Content/ToolMaterials/ToolMeshMaterial_Mesh.uexp" 214
"../../../Engine/Plugins/Marketplace/VoxelFree_5.4/Content/ToolMaterials/ToolMeshMaterial_Level.uasset" 215
"../../../Engine/Plugins/Marketplace/VoxelFree_5.4/Content/ToolMaterials/ToolMeshMaterial_Level.uexp" 216
"../../../Engine/Plugins/Marketplace/VoxelFree_5.4/Content/Preview/C_GradientWater.uasset" 217
"../../../Engine/Plugins/Marketplace/VoxelFree_5.4/Content/Preview/C_GradientWater.uexp" 218
"../../../Engine/Plugins/Marketplace/VoxelFree_5.4/Content/Preview/C_GradientNoWater.uasset" 219
"../../../Engine/Plugins/Marketplace/VoxelFree_5.4/Content/Preview/C_GradientNoWater.uexp" 220
"../../../Engine/Plugins/Marketplace/VoxelFree_5.4/Content/Preview/CA_Gradient.uasset" 221
"../../../Engine/Plugins/Marketplace/VoxelFree_5.4/Content/Preview/CA_Gradient.uexp" 222
"../../../Engine/Content/Functions/Engine_MaterialFunctions02/Utility/MakeFloat2.uasset" 223
"../../../Engine/Content/Functions/Engine_MaterialFunctions02/Utility/MakeFloat2.uexp" 224
"../../../Engine/Content/Functions/Engine_MaterialFunctions01/Volumetrics/BeersLaw.uasset" 225
"../../../Engine/Content/Functions/Engine_MaterialFunctions01/Volumetrics/BeersLaw.uexp" 226
"../../../Engine/Plugins/Marketplace/VoxelFree_5.4/Content/Preview/DefaultVoxelPreview.uasset" 227
"../../../Engine/Plugins/Marketplace/VoxelFree_5.4/Content/Preview/DefaultVoxelPreview.uexp" 228
"../../../Engine/Content/Functions/Engine_MaterialFunctions02/ExampleContent/Textures/SphereRenderHeightMap.ubulk" 229
"../../../Engine/Content/Functions/Engine_MaterialFunctions02/ExampleContent/Textures/SphereRenderHeightMap.uasset" 230
"../../../Engine/Content/Functions/Engine_MaterialFunctions02/ExampleContent/Textures/SphereRenderHeightMap.uexp" 231
"../../../Engine/Content/Functions/Engine_MaterialFunctions01/Math/BoxIntersection.uasset" 232
"../../../Engine/Content/Functions/Engine_MaterialFunctions01/Math/BoxIntersection.uexp" 233
"../../../Engine/Content/Functions/Engine_MaterialFunctions02/Utility/MakeFloat3.uasset" 234
"../../../Engine/Content/Functions/Engine_MaterialFunctions02/Utility/MakeFloat3.uexp" 235
"../../../Engine/Content/Functions/Engine_MaterialFunctions01/Coordinates/1Dto2DIndex.uasset" 236
"../../../Engine/Content/Functions/Engine_MaterialFunctions01/Coordinates/1Dto2DIndex.uexp" 237
"../../../Engine/Plugins/Marketplace/VoxelFree_5.4/Content/Preview/VoxelRayMarchHeightMap.uasset" 238
"../../../Engine/Plugins/Marketplace/VoxelFree_5.4/Content/Preview/VoxelRayMarchHeightMap.uexp" 239
"../../../Engine/Plugins/Marketplace/VoxelFree_5.4/Content/Preview/M_PreviewMaterial.uasset" 240
"../../../Engine/Plugins/Marketplace/VoxelFree_5.4/Content/Preview/M_PreviewMaterial.uexp" 241
"../../../Engine/Plugins/Marketplace/VoxelFree_5.4/Content/Preview/M_2DPreviewMaterial.uasset" 242
"../../../Engine/Plugins/Marketplace/VoxelFree_5.4/Content/Preview/M_2DPreviewMaterial.uexp" 243
"../../../Engine/Plugins/Interchange/Runtime/Content/Pipelines/DefaultTexturePipeline.uasset" 244
"../../../Engine/Plugins/Interchange/Runtime/Content/Pipelines/DefaultTexturePipeline.uexp" 245
"../../../Engine/Plugins/Interchange/Runtime/Content/Pipelines/DefaultSceneLevelPipeline.uasset" 246
"../../../Engine/Plugins/Interchange/Runtime/Content/Pipelines/DefaultSceneLevelPipeline.uexp" 247
"../../../Engine/Plugins/Interchange/Runtime/Content/Pipelines/DefaultSceneAssetsPipeline.uasset" 248
"../../../Engine/Plugins/Interchange/Runtime/Content/Pipelines/DefaultSceneAssetsPipeline.uexp" 249
"../../../Engine/Plugins/Interchange/Runtime/Content/Pipelines/DefaultMaterialXPipeline.uasset" 250
"../../../Engine/Plugins/Interchange/Runtime/Content/Pipelines/DefaultMaterialXPipeline.uexp" 251
"../../../Engine/Plugins/Interchange/Runtime/Content/Pipelines/DefaultMaterialPipeline.uasset" 252
"../../../Engine/Plugins/Interchange/Runtime/Content/Pipelines/DefaultMaterialPipeline.uexp" 253
"../../../Engine/Plugins/Interchange/Runtime/Content/Pipelines/DefaultGLTFSceneAssetsPipeline.uasset" 254
"../../../Engine/Plugins/Interchange/Runtime/Content/Pipelines/DefaultGLTFSceneAssetsPipeline.uexp" 255
"../../../Engine/Plugins/Interchange/Runtime/Content/Pipelines/DefaultGLTFPipeline.uasset" 256
"../../../Engine/Plugins/Interchange/Runtime/Content/Pipelines/DefaultGLTFPipeline.uexp" 257
"../../../Engine/Plugins/Interchange/Runtime/Content/Pipelines/DefaultGLTFAssetsPipeline.uasset" 258
"../../../Engine/Plugins/Interchange/Runtime/Content/Pipelines/DefaultGLTFAssetsPipeline.uexp" 259
"../../../Engine/Plugins/Interchange/Runtime/Content/Pipelines/DefaultAssetsPipeline.uasset" 260
"../../../Engine/Plugins/Interchange/Runtime/Content/Pipelines/DefaultAssetsPipeline.uexp" 261
"../../../Engine/Plugins/Interchange/Runtime/Content/Functions/MX_UsdPreviewSurface.uasset" 262
"../../../Engine/Plugins/Interchange/Runtime/Content/Functions/MX_UsdPreviewSurface.uexp" 263
"../../../Engine/Plugins/Interchange/Runtime/Content/Functions/MX_UniformEDF.uasset" 264
"../../../Engine/Plugins/Interchange/Runtime/Content/Functions/MX_UniformEDF.uexp" 265
"../../../Engine/Plugins/Interchange/Runtime/Content/Functions/MX_TranslucentBSDF.uasset" 266
"../../../Engine/Plugins/Interchange/Runtime/Content/Functions/MX_TranslucentBSDF.uexp" 267
"../../../Engine/Plugins/Interchange/Runtime/Content/Functions/MX_ThinFilmBSDF.uasset" 268
"../../../Engine/Plugins/Interchange/Runtime/Content/Functions/MX_ThinFilmBSDF.uexp" 269
"../../../Engine/Plugins/Interchange/Runtime/Content/Functions/MX_SurfaceUnlit.uasset" 270
"../../../Engine/Plugins/Interchange/Runtime/Content/Functions/MX_SurfaceUnlit.uexp" 271
"../../../Engine/Plugins/Interchange/Runtime/Content/Functions/MX_Surface.uasset" 272
"../../../Engine/Plugins/Interchange/Runtime/Content/Functions/MX_Surface.uexp" 273
"../../../Engine/Plugins/Interchange/Runtime/Content/Functions/MX_SubsurfaceBSDF.uasset" 274
"../../../Engine/Plugins/Interchange/Runtime/Content/Functions/MX_SubsurfaceBSDF.uexp" 275
"../../../Engine/Plugins/Interchange/Runtime/Content/Functions/MX_SheenBSDF.uasset" 276
"../../../Engine/Plugins/Interchange/Runtime/Content/Functions/MX_SheenBSDF.uexp" 277
"../../../Engine/Plugins/Interchange/Runtime/Content/Functions/MX_OrenNayarBSDF.uasset" 278
"../../../Engine/Plugins/Interchange/Runtime/Content/Functions/MX_OrenNayarBSDF.uexp" 279
"../../../Engine/Content/Functions/Engine_MaterialFunctions02/Utility/CameraDirectionVector.uasset" 280
"../../../Engine/Content/Functions/Engine_MaterialFunctions02/Utility/CameraDirectionVector.uexp" 281
"../../../Engine/Content/EngineMaterials/Good64x64TilingNoiseHighFreq.uasset" 282
"../../../Engine/Content/EngineMaterials/Good64x64TilingNoiseHighFreq.uexp" 283
"../../../Engine/Content/Functions/Engine_MaterialFunctions02/Texturing/ScreenAlignedPixelToPixelUVs.uasset" 284
"../../../Engine/Content/Functions/Engine_MaterialFunctions02/Texturing/ScreenAlignedPixelToPixelUVs.uexp" 285
"../../../Engine/Plugins/Interchange/Runtime/Content/gltf/MaterialFunctions/MF_Temporal_Blur.uasset" 286
"../../../Engine/Plugins/Interchange/Runtime/Content/gltf/MaterialFunctions/MF_Temporal_Blur.uexp" 287
"../../../Engine/Plugins/Interchange/Runtime/Content/gltf/MaterialFunctions/MF_Fresnel_DS.uasset" 288
"../../../Engine/Plugins/Interchange/Runtime/Content/gltf/MaterialFunctions/MF_Fresnel_DS.uexp" 289
"../../../Engine/Plugins/Interchange/Runtime/Content/Functions/MX_Transmission.uasset" 290
"../../../Engine/Plugins/Interchange/Runtime/Content/Functions/MX_Transmission.uexp" 291
"../../../Engine/Plugins/Interchange/Runtime/Content/Functions/MF_OrenNayerView.uasset" 292
"../../../Engine/Plugins/Interchange/Runtime/Content/Functions/MF_OrenNayerView.uexp" 293
"../../../Engine/Plugins/Interchange/Runtime/Content/Functions/MF_SchlickApprox.uasset" 294
"../../../Engine/Plugins/Interchange/Runtime/Content/Functions/MF_SchlickApprox.uexp" 295
"../../../Engine/Plugins/Interchange/Runtime/Content/Utilities/New_LUT.uasset" 296
"../../../Engine/Plugins/Interchange/Runtime/Content/Utilities/New_LUT.uexp" 297
"../../../Engine/Content/Functions/Engine_MaterialFunctions03/Math/RemapValueRange.uasset" 298
"../../../Engine/Content/Functions/Engine_MaterialFunctions03/Math/RemapValueRange.uexp" 299
"../../../Engine/Plugins/Interchange/Runtime/Content/Functions/MF_Iridescence.uasset" 300
"../../../Engine/Plugins/Interchange/Runtime/Content/Functions/MF_Iridescence.uexp" 301
"../../../Engine/Plugins/Interchange/Runtime/Content/Functions/MX_StandardSurface.uasset" 302
"../../../Engine/Plugins/Interchange/Runtime/Content/Functions/MX_StandardSurface.uexp" 303
"../../../Engine/Plugins/Interchange/Runtime/Content/Functions/MX_TransmissionSurface.uasset" 304
"../../../Engine/Plugins/Interchange/Runtime/Content/Functions/MX_TransmissionSurface.uexp" 305
"../../../Engine/Plugins/Interchange/Runtime/Content/Functions/MX_OpenPBR_Translucent.uasset" 306
"../../../Engine/Plugins/Interchange/Runtime/Content/Functions/MX_OpenPBR_Translucent.uexp" 307
"../../../Engine/Plugins/Interchange/Runtime/Content/Functions/MX_OpenPBR_Opaque.uasset" 308
"../../../Engine/Plugins/Interchange/Runtime/Content/Functions/MX_OpenPBR_Opaque.uexp" 309
"../../../Engine/Plugins/Interchange/Runtime/Content/Functions/MX_MeasuredEDF.uasset" 310
"../../../Engine/Plugins/Interchange/Runtime/Content/Functions/MX_MeasuredEDF.uexp" 311
"../../../Engine/Plugins/Interchange/Runtime/Content/Functions/MX_GeneralizedSchlickBSDF.uasset" 312
"../../../Engine/Plugins/Interchange/Runtime/Content/Functions/MX_GeneralizedSchlickBSDF.uexp" 313
"../../../Engine/Plugins/Interchange/Runtime/Content/Functions/MX_DielectricBSDF.uasset" 314
"../../../Engine/Plugins/Interchange/Runtime/Content/Functions/MX_DielectricBSDF.uexp" 315
"../../../Engine/Plugins/Interchange/Runtime/Content/Functions/MX_ConicalEDF.uasset" 316
"../../../Engine/Plugins/Interchange/Runtime/Content/Functions/MX_ConicalEDF.uexp" 317
"../../../Engine/Plugins/Interchange/Runtime/Content/Functions/MX_ConductorBSDF.uasset" 318
"../../../Engine/Plugins/Interchange/Runtime/Content/Functions/MX_ConductorBSDF.uexp" 319
"../../../Engine/Plugins/Interchange/Runtime/Content/Functions/MX_BurleyDiffuseBSDF.uasset" 320
"../../../Engine/Plugins/Interchange/Runtime/Content/Functions/MX_BurleyDiffuseBSDF.uexp" 321
"../../../Engine/Plugins/Interchange/Runtime/Content/Functions/MX_AnisotropicVDF.uasset" 322
"../../../Engine/Plugins/Interchange/Runtime/Content/Functions/MX_AnisotropicVDF.uexp" 323
"../../../Engine/Plugins/Interchange/Runtime/Content/Functions/MX_AbsorptionVDF.uasset" 324
"../../../Engine/Plugins/Interchange/Runtime/Content/Functions/MX_AbsorptionVDF.uexp" 325
"../../../Engine/Plugins/Editor/SpeedTreeImporter/Content/SpeedTree9/game_wind_noise.ubulk" 326
"../../../Engine/Plugins/Editor/SpeedTreeImporter/Content/SpeedTree9/game_wind_noise.uasset" 327
"../../../Engine/Plugins/Editor/SpeedTreeImporter/Content/SpeedTree9/game_wind_noise.uexp" 328
"../../../Engine/Plugins/Editor/SpeedTreeImporter/Content/SpeedTree9/UnpackDirection.uasset" 329
"../../../Engine/Plugins/Editor/SpeedTreeImporter/Content/SpeedTree9/UnpackDirection.uexp" 330
"../../../Engine/Content/Functions/Engine_MaterialFunctions02/ObjectLocalBounds.uasset" 331
"../../../Engine/Content/Functions/Engine_MaterialFunctions02/ObjectLocalBounds.uexp" 332
"../../../Engine/Content/Functions/Engine_MaterialFunctions02/UVs/BoundingBoxBased_0-1_UVW.uasset" 333
"../../../Engine/Content/Functions/Engine_MaterialFunctions02/UVs/BoundingBoxBased_0-1_UVW.uexp" 334
"../../../Engine/Plugins/Editor/SpeedTreeImporter/Content/SpeedTree9/UnpackInteger3.uasset" 335
"../../../Engine/Plugins/Editor/SpeedTreeImporter/Content/SpeedTree9/UnpackInteger3.uexp" 336
"../../../Engine/Plugins/Editor/SpeedTreeImporter/Content/SpeedTree9/SpeedTreeCameraFacing.uasset" 337
"../../../Engine/Plugins/Editor/SpeedTreeImporter/Content/SpeedTree9/SpeedTreeCameraFacing.uexp" 338
"../../../Engine/Content/Functions/Engine_MaterialFunctions02/SafeNormalize.uasset" 339
"../../../Engine/Content/Functions/Engine_MaterialFunctions02/SafeNormalize.uexp" 340
"../../../Engine/Plugins/Editor/SpeedTreeImporter/Content/SpeedTree9/SpeedTreeWindMotion.uasset" 341
"../../../Engine/Plugins/Editor/SpeedTreeImporter/Content/SpeedTree9/SpeedTreeWindMotion.uexp" 342
"../../../Engine/Plugins/Editor/SpeedTreeImporter/Content/SpeedTree9/SpeedTreeBranchMotion.uasset" 343
"../../../Engine/Plugins/Editor/SpeedTreeImporter/Content/SpeedTree9/SpeedTreeBranchMotion.uexp" 344
"../../../Engine/Plugins/Editor/SpeedTreeImporter/Content/SpeedTree9/SpeedTreeWind.uasset" 345
"../../../Engine/Plugins/Editor/SpeedTreeImporter/Content/SpeedTree9/SpeedTreeWind.uexp" 346
"../../../Engine/Plugins/Editor/SpeedTreeImporter/Content/SpeedTree9/EmptyNormal.uasset" 347
"../../../Engine/Plugins/Editor/SpeedTreeImporter/Content/SpeedTree9/EmptyNormal.uexp" 348
"../../../Engine/Plugins/Editor/SpeedTreeImporter/Content/SpeedTree9/Empty.uasset" 349
"../../../Engine/Plugins/Editor/SpeedTreeImporter/Content/SpeedTree9/Empty.uexp" 350
"../../../Engine/Plugins/Editor/SpeedTreeImporter/Content/SpeedTree9/SpeedTreeMaster.uasset" 351
"../../../Engine/Plugins/Editor/SpeedTreeImporter/Content/SpeedTree9/SpeedTreeMaster.uexp" 352
"../../../Engine/Plugins/Editor/SpeedTreeImporter/Content/SpeedTree9/SpeedTreeBillboard.uasset" 353
"../../../Engine/Plugins/Editor/SpeedTreeImporter/Content/SpeedTree9/SpeedTreeBillboard.uexp" 354
"../../../Engine/Plugins/Editor/SpeedTreeImporter/Content/SpeedTree9/SpeedTreeBillboardMaster.uasset" 355
"../../../Engine/Plugins/Editor/SpeedTreeImporter/Content/SpeedTree9/SpeedTreeBillboardMaster.uexp" 356
"../../../Engine/Plugins/Animation/ControlRig/Content/Controls/ControlRig_Wedge_solid.ubulk" 357
"../../../Engine/Plugins/Animation/ControlRig/Content/Controls/ControlRig_Wedge_solid.uasset" 358
"../../../Engine/Plugins/Animation/ControlRig/Content/Controls/ControlRig_Wedge_solid.uexp" 359
"../../../Engine/Plugins/Animation/ControlRig/Content/Controls/ControlRig_Wedge_3mm.ubulk" 360
"../../../Engine/Plugins/Animation/ControlRig/Content/Controls/ControlRig_Wedge_3mm.uasset" 361
"../../../Engine/Plugins/Animation/ControlRig/Content/Controls/ControlRig_Wedge_3mm.uexp" 362
"../../../Engine/Plugins/Animation/ControlRig/Content/Controls/ControlRig_Wedge_1mm.ubulk" 363
"../../../Engine/Plugins/Animation/ControlRig/Content/Controls/ControlRig_Wedge_1mm.uasset" 364
"../../../Engine/Plugins/Animation/ControlRig/Content/Controls/ControlRig_Wedge_1mm.uexp" 365
"../../../Engine/Plugins/Animation/ControlRig/Content/Controls/ControlRig_Triangle_solid.ubulk" 366
"../../../Engine/Plugins/Animation/ControlRig/Content/Controls/ControlRig_Triangle_solid.uasset" 367
"../../../Engine/Plugins/Animation/ControlRig/Content/Controls/ControlRig_Triangle_solid.uexp" 368
"../../../Engine/Plugins/Animation/ControlRig/Content/Controls/ControlRig_Triangle_3mm.ubulk" 369
"../../../Engine/Plugins/Animation/ControlRig/Content/Controls/ControlRig_Triangle_3mm.uasset" 370
"../../../Engine/Plugins/Animation/ControlRig/Content/Controls/ControlRig_Triangle_3mm.uexp" 371
"../../../Engine/Plugins/Animation/ControlRig/Content/Controls/ControlRig_Triangle_1mm.ubulk" 372
"../../../Engine/Plugins/Animation/ControlRig/Content/Controls/ControlRig_Triangle_1mm.uasset" 373
"../../../Engine/Plugins/Animation/ControlRig/Content/Controls/ControlRig_Triangle_1mm.uexp" 374
"../../../Engine/Plugins/Animation/ControlRig/Content/Controls/ControlRig_Star4_solid.ubulk" 375
"../../../Engine/Plugins/Animation/ControlRig/Content/Controls/ControlRig_Star4_solid.uasset" 376
"../../../Engine/Plugins/Animation/ControlRig/Content/Controls/ControlRig_Star4_solid.uexp" 377
"../../../Engine/Plugins/Animation/ControlRig/Content/Controls/ControlRig_Star4_3mm.ubulk" 378
"../../../Engine/Plugins/Animation/ControlRig/Content/Controls/ControlRig_Star4_3mm.uasset" 379
"../../../Engine/Plugins/Animation/ControlRig/Content/Controls/ControlRig_Star4_3mm.uexp" 380
"../../../Engine/Plugins/Animation/ControlRig/Content/Controls/ControlRig_Star4_1mm.ubulk" 381
"../../../Engine/Plugins/Animation/ControlRig/Content/Controls/ControlRig_Star4_1mm.uasset" 382
"../../../Engine/Plugins/Animation/ControlRig/Content/Controls/ControlRig_Star4_1mm.uexp" 383
"../../../Engine/Plugins/Animation/ControlRig/Content/Controls/ControlRig_Square_solid.ubulk" 384
"../../../Engine/Plugins/Animation/ControlRig/Content/Controls/ControlRig_Square_solid.uasset" 385
"../../../Engine/Plugins/Animation/ControlRig/Content/Controls/ControlRig_Square_solid.uexp" 386
"../../../Engine/Plugins/Animation/ControlRig/Content/Controls/ControlRig_Square_3mm.ubulk" 387
"../../../Engine/Plugins/Animation/ControlRig/Content/Controls/ControlRig_Square_3mm.uasset" 388
"../../../Engine/Plugins/Animation/ControlRig/Content/Controls/ControlRig_Square_3mm.uexp" 389
"../../../Engine/Plugins/Animation/ControlRig/Content/Controls/ControlRig_Square_1mm.ubulk" 390
"../../../Engine/Plugins/Animation/ControlRig/Content/Controls/ControlRig_Square_1mm.uasset" 391
"../../../Engine/Plugins/Animation/ControlRig/Content/Controls/ControlRig_Square_1mm.uexp" 392
"../../../Engine/Plugins/Animation/ControlRig/Content/Controls/ControlRig_Sphere_solid.ubulk" 393
"../../../Engine/Plugins/Animation/ControlRig/Content/Controls/ControlRig_Sphere_solid.uasset" 394
"../../../Engine/Plugins/Animation/ControlRig/Content/Controls/ControlRig_Sphere_solid.uexp" 395
"../../../Engine/Plugins/Animation/ControlRig/Content/Controls/ControlRig_Sphere_3mm.ubulk" 396
"../../../Engine/Plugins/Animation/ControlRig/Content/Controls/ControlRig_Sphere_3mm.uasset" 397
"../../../Engine/Plugins/Animation/ControlRig/Content/Controls/ControlRig_Sphere_3mm.uexp" 398
"../../../Engine/Plugins/Animation/ControlRig/Content/Controls/ControlRig_Sphere_1mm.ubulk" 399
"../../../Engine/Plugins/Animation/ControlRig/Content/Controls/ControlRig_Sphere_1mm.uasset" 400
"../../../Engine/Plugins/Animation/ControlRig/Content/Controls/ControlRig_Sphere_1mm.uexp" 401
"../../../Engine/Plugins/Animation/ControlRig/Content/Controls/ControlRig_RoundedTriangle_solid.ubulk" 402
"../../../Engine/Plugins/Animation/ControlRig/Content/Controls/ControlRig_RoundedTriangle_solid.uasset" 403
"../../../Engine/Plugins/Animation/ControlRig/Content/Controls/ControlRig_RoundedTriangle_solid.uexp" 404
"../../../Engine/Plugins/Animation/ControlRig/Content/Controls/ControlRig_RoundedTriangle_3mm.ubulk" 405
"../../../Engine/Plugins/Animation/ControlRig/Content/Controls/ControlRig_RoundedTriangle_3mm.uasset" 406
"../../../Engine/Plugins/Animation/ControlRig/Content/Controls/ControlRig_RoundedTriangle_3mm.uexp" 407
"../../../Engine/Plugins/Animation/ControlRig/Content/Controls/ControlRig_RoundedTriangle_1mm.ubulk" 408
"../../../Engine/Plugins/Animation/ControlRig/Content/Controls/ControlRig_RoundedTriangle_1mm.uasset" 409
"../../../Engine/Plugins/Animation/ControlRig/Content/Controls/ControlRig_RoundedTriangle_1mm.uexp" 410
"../../../Engine/Plugins/Animation/ControlRig/Content/Controls/ControlRig_RoundedSquare_solid.ubulk" 411
"../../../Engine/Plugins/Animation/ControlRig/Content/Controls/ControlRig_RoundedSquare_solid.uasset" 412
"../../../Engine/Plugins/Animation/ControlRig/Content/Controls/ControlRig_RoundedSquare_solid.uexp" 413
"../../../Engine/Plugins/Animation/ControlRig/Content/Controls/ControlRig_RoundedSquare_3mm.ubulk" 414
"../../../Engine/Plugins/Animation/ControlRig/Content/Controls/ControlRig_RoundedSquare_3mm.uasset" 415
"../../../Engine/Plugins/Animation/ControlRig/Content/Controls/ControlRig_RoundedSquare_3mm.uexp" 416
"../../../Engine/Plugins/Animation/ControlRig/Content/Controls/ControlRig_RoundedSquare_1mm.ubulk" 417
"../../../Engine/Plugins/Animation/ControlRig/Content/Controls/ControlRig_RoundedSquare_1mm.uasset" 418
"../../../Engine/Plugins/Animation/ControlRig/Content/Controls/ControlRig_RoundedSquare_1mm.uexp" 419
"../../../Engine/Plugins/Animation/ControlRig/Content/Controls/ControlRig_QuarterCircle_solid.ubulk" 420
"../../../Engine/Plugins/Animation/ControlRig/Content/Controls/ControlRig_QuarterCircle_solid.uasset" 421
"../../../Engine/Plugins/Animation/ControlRig/Content/Controls/ControlRig_QuarterCircle_solid.uexp" 422
"../../../Engine/Plugins/Animation/ControlRig/Content/Controls/ControlRig_QuarterCircle_3mm.ubulk" 423
"../../../Engine/Plugins/Animation/ControlRig/Content/Controls/ControlRig_QuarterCircle_3mm.uasset" 424
"../../../Engine/Plugins/Animation/ControlRig/Content/Controls/ControlRig_QuarterCircle_3mm.uexp" 425
"../../../Engine/Plugins/Animation/ControlRig/Content/Controls/ControlRig_QuarterCircle_1mm.ubulk" 426
"../../../Engine/Plugins/Animation/ControlRig/Content/Controls/ControlRig_QuarterCircle_1mm.uasset" 427
"../../../Engine/Plugins/Animation/ControlRig/Content/Controls/ControlRig_QuarterCircle_1mm.uexp" 428
"../../../Engine/Plugins/Animation/ControlRig/Content/Controls/ControlRig_Pyramid_solid.ubulk" 429
"../../../Engine/Plugins/Animation/ControlRig/Content/Controls/ControlRig_Pyramid_solid.uasset" 430
"../../../Engine/Plugins/Animation/ControlRig/Content/Controls/ControlRig_Pyramid_solid.uexp" 431
"../../../Engine/Plugins/Animation/ControlRig/Content/Controls/ControlRig_Pyramid_3mm.ubulk" 432
"../../../Engine/Plugins/Animation/ControlRig/Content/Controls/ControlRig_Pyramid_3mm.uasset" 433
"../../../Engine/Plugins/Animation/ControlRig/Content/Controls/ControlRig_Pyramid_3mm.uexp" 434
"../../../Engine/Plugins/Animation/ControlRig/Content/Controls/ControlRig_Pyramid_1mm.ubulk" 435
"../../../Engine/Plugins/Animation/ControlRig/Content/Controls/ControlRig_Pyramid_1mm.uasset" 436
"../../../Engine/Plugins/Animation/ControlRig/Content/Controls/ControlRig_Pyramid_1mm.uexp" 437
"../../../Engine/Plugins/Animation/ControlRig/Content/Controls/ControlRig_Octagon_solid.ubulk" 438
"../../../Engine/Plugins/Animation/ControlRig/Content/Controls/ControlRig_Octagon_solid.uasset" 439
"../../../Engine/Plugins/Animation/ControlRig/Content/Controls/ControlRig_Octagon_solid.uexp" 440
"../../../Engine/Plugins/Animation/ControlRig/Content/Controls/ControlRig_Octagon_3mm.ubulk" 441
"../../../Engine/Plugins/Animation/ControlRig/Content/Controls/ControlRig_Octagon_3mm.uasset" 442
"../../../Engine/Plugins/Animation/ControlRig/Content/Controls/ControlRig_Octagon_3mm.uexp" 443
"../../../Engine/Plugins/Animation/ControlRig/Content/Controls/ControlRig_Octagon_1mm.ubulk" 444
"../../../Engine/Plugins/Animation/ControlRig/Content/Controls/ControlRig_Octagon_1mm.uasset" 445
"../../../Engine/Plugins/Animation/ControlRig/Content/Controls/ControlRig_Octagon_1mm.uexp" 446
"../../../Engine/Plugins/Animation/ControlRig/Content/Controls/ControlRig_Hexagon_solid.ubulk" 447
"../../../Engine/Plugins/Animation/ControlRig/Content/Controls/ControlRig_Hexagon_solid.uasset" 448
"../../../Engine/Plugins/Animation/ControlRig/Content/Controls/ControlRig_Hexagon_solid.uexp" 449
"../../../Engine/Plugins/Animation/ControlRig/Content/Controls/ControlRig_Hexagon_3mm.ubulk" 450
"../../../Engine/Plugins/Animation/ControlRig/Content/Controls/ControlRig_Hexagon_3mm.uasset" 451
"../../../Engine/Plugins/Animation/ControlRig/Content/Controls/ControlRig_Hexagon_3mm.uexp" 452
"../../../Engine/Plugins/Animation/ControlRig/Content/Controls/ControlRig_Hexagon_1mm.ubulk" 453
"../../../Engine/Plugins/Animation/ControlRig/Content/Controls/ControlRig_Hexagon_1mm.uasset" 454
"../../../Engine/Plugins/Animation/ControlRig/Content/Controls/ControlRig_Hexagon_1mm.uexp" 455
"../../../Engine/Plugins/Animation/ControlRig/Content/Controls/ControlRig_HalfCircle_solid.ubulk" 456
"../../../Engine/Plugins/Animation/ControlRig/Content/Controls/ControlRig_HalfCircle_solid.uasset" 457
"../../../Engine/Plugins/Animation/ControlRig/Content/Controls/ControlRig_HalfCircle_solid.uexp" 458
"../../../Engine/Plugins/Animation/ControlRig/Content/Controls/ControlRig_HalfCircle_3mm.ubulk" 459
"../../../Engine/Plugins/Animation/ControlRig/Content/Controls/ControlRig_HalfCircle_3mm.uasset" 460
"../../../Engine/Plugins/Animation/ControlRig/Content/Controls/ControlRig_HalfCircle_3mm.uexp" 461
"../../../Engine/Plugins/Animation/ControlRig/Content/Controls/ControlRig_HalfCircle_1mm.ubulk" 462
"../../../Engine/Plugins/Animation/ControlRig/Content/Controls/ControlRig_HalfCircle_1mm.uasset" 463
"../../../Engine/Plugins/Animation/ControlRig/Content/Controls/ControlRig_HalfCircle_1mm.uexp" 464
"../../../Engine/Plugins/Animation/ControlRig/Content/Controls/ControlRig_Diamond_solid.ubulk" 465
"../../../Engine/Plugins/Animation/ControlRig/Content/Controls/ControlRig_Diamond_solid.uasset" 466
"../../../Engine/Plugins/Animation/ControlRig/Content/Controls/ControlRig_Diamond_solid.uexp" 467
"../../../Engine/Plugins/Animation/ControlRig/Content/Controls/ControlRig_Diamond_3mm.ubulk" 468
"../../../Engine/Plugins/Animation/ControlRig/Content/Controls/ControlRig_Diamond_3mm.uasset" 469
"../../../Engine/Plugins/Animation/ControlRig/Content/Controls/ControlRig_Diamond_3mm.uexp" 470
"../../../Engine/Plugins/Animation/ControlRig/Content/Controls/ControlRig_Diamond_1mm.ubulk" 471
"../../../Engine/Plugins/Animation/ControlRig/Content/Controls/ControlRig_Diamond_1mm.uasset" 472
"../../../Engine/Plugins/Animation/ControlRig/Content/Controls/ControlRig_Diamond_1mm.uexp" 473
"../../../Engine/Plugins/Animation/ControlRig/Content/Controls/ControlRig_Circle_solid.ubulk" 474
"../../../Engine/Plugins/Animation/ControlRig/Content/Controls/ControlRig_Circle_solid.uasset" 475
"../../../Engine/Plugins/Animation/ControlRig/Content/Controls/ControlRig_Circle_solid.uexp" 476
"../../../Engine/Plugins/Animation/ControlRig/Content/Controls/ControlRig_Circle_3mm.ubulk" 477
"../../../Engine/Plugins/Animation/ControlRig/Content/Controls/ControlRig_Circle_3mm.uasset" 478
"../../../Engine/Plugins/Animation/ControlRig/Content/Controls/ControlRig_Circle_3mm.uexp" 479
"../../../Engine/Plugins/Animation/ControlRig/Content/Controls/ControlRig_Circle_1mm.ubulk" 480
"../../../Engine/Plugins/Animation/ControlRig/Content/Controls/ControlRig_Circle_1mm.uasset" 481
"../../../Engine/Plugins/Animation/ControlRig/Content/Controls/ControlRig_Circle_1mm.uexp" 482
"../../../Engine/Plugins/Animation/ControlRig/Content/Controls/ControlRig_Box_solid.ubulk" 483
"../../../Engine/Plugins/Animation/ControlRig/Content/Controls/ControlRig_Box_solid.uasset" 484
"../../../Engine/Plugins/Animation/ControlRig/Content/Controls/ControlRig_Box_solid.uexp" 485
"../../../Engine/Plugins/Animation/ControlRig/Content/Controls/ControlRig_Box_3mm.ubulk" 486
"../../../Engine/Plugins/Animation/ControlRig/Content/Controls/ControlRig_Box_3mm.uasset" 487
"../../../Engine/Plugins/Animation/ControlRig/Content/Controls/ControlRig_Box_3mm.uexp" 488
"../../../Engine/Plugins/Animation/ControlRig/Content/Controls/ControlRig_Box_1mm.ubulk" 489
"../../../Engine/Plugins/Animation/ControlRig/Content/Controls/ControlRig_Box_1mm.uasset" 490
"../../../Engine/Plugins/Animation/ControlRig/Content/Controls/ControlRig_Box_1mm.uexp" 491
"../../../Engine/Plugins/Animation/ControlRig/Content/Controls/ControlRig_Arrow_solid.ubulk" 492
"../../../Engine/Plugins/Animation/ControlRig/Content/Controls/ControlRig_Arrow_solid.uasset" 493
"../../../Engine/Plugins/Animation/ControlRig/Content/Controls/ControlRig_Arrow_solid.uexp" 494
"../../../Engine/Plugins/Animation/ControlRig/Content/Controls/ControlRig_Arrow_3mm.ubulk" 495
"../../../Engine/Plugins/Animation/ControlRig/Content/Controls/ControlRig_Arrow_3mm.uasset" 496
"../../../Engine/Plugins/Animation/ControlRig/Content/Controls/ControlRig_Arrow_3mm.uexp" 497
"../../../Engine/Plugins/Animation/ControlRig/Content/Controls/ControlRig_Arrow_1mm.ubulk" 498
"../../../Engine/Plugins/Animation/ControlRig/Content/Controls/ControlRig_Arrow_1mm.uasset" 499
"../../../Engine/Plugins/Animation/ControlRig/Content/Controls/ControlRig_Arrow_1mm.uexp" 500
"../../../Engine/Plugins/Animation/ControlRig/Content/Controls/ControlRig_Arrow4_solid.ubulk" 501
"../../../Engine/Plugins/Animation/ControlRig/Content/Controls/ControlRig_Arrow4_solid.uasset" 502
"../../../Engine/Plugins/Animation/ControlRig/Content/Controls/ControlRig_Arrow4_solid.uexp" 503
"../../../Engine/Plugins/Animation/ControlRig/Content/Controls/ControlRig_Arrow4_3mm.ubulk" 504
"../../../Engine/Plugins/Animation/ControlRig/Content/Controls/ControlRig_Arrow4_3mm.uasset" 505
"../../../Engine/Plugins/Animation/ControlRig/Content/Controls/ControlRig_Arrow4_3mm.uexp" 506
"../../../Engine/Plugins/Animation/ControlRig/Content/Controls/ControlRig_Arrow4_1mm.ubulk" 507
"../../../Engine/Plugins/Animation/ControlRig/Content/Controls/ControlRig_Arrow4_1mm.uasset" 508
"../../../Engine/Plugins/Animation/ControlRig/Content/Controls/ControlRig_Arrow4_1mm.uexp" 509
"../../../Engine/Plugins/Animation/ControlRig/Content/Controls/ControlRig_Arrow2_solid.ubulk" 510
"../../../Engine/Plugins/Animation/ControlRig/Content/Controls/ControlRig_Arrow2_solid.uasset" 511
"../../../Engine/Plugins/Animation/ControlRig/Content/Controls/ControlRig_Arrow2_solid.uexp" 512
"../../../Engine/Plugins/Animation/ControlRig/Content/Controls/ControlRig_Arrow2_3mm.ubulk" 513
"../../../Engine/Plugins/Animation/ControlRig/Content/Controls/ControlRig_Arrow2_3mm.uasset" 514
"../../../Engine/Plugins/Animation/ControlRig/Content/Controls/ControlRig_Arrow2_3mm.uexp" 515
"../../../Engine/Plugins/Animation/ControlRig/Content/Controls/ControlRig_Arrow2_1mm.ubulk" 516
"../../../Engine/Plugins/Animation/ControlRig/Content/Controls/ControlRig_Arrow2_1mm.uasset" 517
"../../../Engine/Plugins/Animation/ControlRig/Content/Controls/ControlRig_Arrow2_1mm.uexp" 518
"../../../Engine/Plugins/Animation/ControlRig/Content/Controls/ControlRigXRayMaterial.uasset" 519
"../../../Engine/Plugins/Animation/ControlRig/Content/Controls/ControlRigXRayMaterial.uexp" 520
"../../../Engine/Plugins/Animation/ControlRig/Content/Controls/ControlRigGizmoMaterial.uasset" 521
"../../../Engine/Plugins/Animation/ControlRig/Content/Controls/ControlRigGizmoMaterial.uexp" 522
"../../../Engine/Content/VREditor/TransformGizmo/StartRotationHandleIndicator.ubulk" 523
"../../../Engine/Content/VREditor/TransformGizmo/StartRotationHandleIndicator.uasset" 524
"../../../Engine/Content/VREditor/TransformGizmo/StartRotationHandleIndicator.uexp" 525
"../../../Engine/Content/VREditor/Sounds/UI/Drop_Item_From_ContentBrowser.ubulk" 526
"../../../Engine/Content/VREditor/Sounds/UI/Drop_Item_From_ContentBrowser.uasset" 527
"../../../Engine/Content/VREditor/Sounds/UI/Drop_Item_From_ContentBrowser.uexp" 528
"../../../Engine/Content/VREditor/TransformGizmo/PlaneTranslationHandle.ubulk" 529
"../../../Engine/Content/VREditor/TransformGizmo/PlaneTranslationHandle.uasset" 530
"../../../Engine/Content/VREditor/TransformGizmo/PlaneTranslationHandle.uexp" 531
"../../../Engine/Content/VREditor/Sounds/UI/Object_Snaps_To_Grid.ubulk" 532
"../../../Engine/Content/VREditor/Sounds/UI/Object_Snaps_To_Grid.uasset" 533
"../../../Engine/Content/VREditor/Sounds/UI/Object_Snaps_To_Grid.uexp" 534
"../../../Engine/Content/VREditor/Sounds/UI/Selection_Changes.ubulk" 535
"../../../Engine/Content/VREditor/Sounds/UI/Selection_Changes.uasset" 536
"../../../Engine/Content/VREditor/Sounds/UI/Selection_Changes.uexp" 537
"../../../Engine/Content/VREditor/Sounds/UI/Object_Snaps_To_Another_Actor.ubulk" 538
"../../../Engine/Content/VREditor/Sounds/UI/Object_Snaps_To_Another_Actor.uasset" 539
"../../../Engine/Content/VREditor/Sounds/UI/Object_Snaps_To_Another_Actor.uexp" 540
"../../../Engine/Content/VREditor/TransformGizmo/TranslucentTransformGizmoMaterial_Inst.uasset" 541
"../../../Engine/Content/VREditor/TransformGizmo/TranslucentTransformGizmoMaterial_Inst.uexp" 542
"../../../Engine/Content/VREditor/TransformGizmo/TransformGizmoFreeRotation.ubulk" 543
"../../../Engine/Content/VREditor/TransformGizmo/TransformGizmoFreeRotation.uasset" 544
"../../../Engine/Content/VREditor/TransformGizmo/TransformGizmoFreeRotation.uexp" 545
"../../../Engine/Content/VREditor/Sounds/UI/Scaling_Down.ubulk" 546
"../../../Engine/Content/VREditor/Sounds/UI/Scaling_Down.uasset" 547
"../../../Engine/Content/VREditor/Sounds/UI/Scaling_Down.uexp" 548
"../../../Engine/Content/Functions/Engine_MaterialFunctions02/Math/Transform3x3Matrix.uasset" 549
"../../../Engine/Content/Functions/Engine_MaterialFunctions02/Math/Transform3x3Matrix.uexp" 550
"../../../Engine/Content/Functions/Engine_MaterialFunctions02/SplitComponents.uasset" 551
"../../../Engine/Content/Functions/Engine_MaterialFunctions02/SplitComponents.uexp" 552
"../../../Engine/Content/VREditor/SnapGrid/SnapGridMaterial.uasset" 553
"../../../Engine/Content/VREditor/SnapGrid/SnapGridMaterial.uexp" 554
"../../../Engine/Content/VREditor/SnapGrid/SnapGridPlaneMesh.ubulk" 555
"../../../Engine/Content/VREditor/SnapGrid/SnapGridPlaneMesh.uasset" 556
"../../../Engine/Content/VREditor/SnapGrid/SnapGridPlaneMesh.uexp" 557
"../../../Engine/Content/VREditor/Sounds/UI/Scaling_Up.ubulk" 558
"../../../Engine/Content/VREditor/Sounds/UI/Scaling_Up.uasset" 559
"../../../Engine/Content/VREditor/Sounds/UI/Scaling_Up.uexp" 560
"../../../Engine/Content/VREditor/TransformGizmo/TransformGizmoMaterial_Inst.uasset" 561
"../../../Engine/Content/VREditor/TransformGizmo/TransformGizmoMaterial_Inst.uexp" 562
"../../../Engine/Content/VREditor/Sounds/UI/Gizmo_Handle_Clicked.ubulk" 563
"../../../Engine/Content/VREditor/Sounds/UI/Gizmo_Handle_Clicked.uasset" 564
"../../../Engine/Content/VREditor/Sounds/UI/Gizmo_Handle_Clicked.uexp" 565
"../../../Engine/Content/VREditor/TransformGizmo/RotationHandleQuarter.ubulk" 566
"../../../Engine/Content/VREditor/TransformGizmo/RotationHandleQuarter.uasset" 567
"../../../Engine/Content/VREditor/TransformGizmo/RotationHandleQuarter.uexp" 568
"../../../Engine/Content/VREditor/TransformGizmo/TranslateArrowHandle.ubulk" 569
"../../../Engine/Content/VREditor/TransformGizmo/TranslateArrowHandle.uasset" 570
"../../../Engine/Content/VREditor/TransformGizmo/TranslateArrowHandle.uexp" 571
"../../../Engine/Content/VREditor/TransformGizmo/RotationHandleIndicator.ubulk" 572
"../../../Engine/Content/VREditor/TransformGizmo/RotationHandleIndicator.uasset" 573
"../../../Engine/Content/VREditor/TransformGizmo/RotationHandleIndicator.uexp" 574
"../../../Engine/Content/VREditor/TransformGizmo/UniformScaleHandle.ubulk" 575
"../../../Engine/Content/VREditor/TransformGizmo/UniformScaleHandle.uasset" 576
"../../../Engine/Content/VREditor/TransformGizmo/UniformScaleHandle.uexp" 577
"../../../Engine/Content/VREditor/TransformGizmo/RotationHandleFull.ubulk" 578
"../../../Engine/Content/VREditor/TransformGizmo/RotationHandleFull.uasset" 579
"../../../Engine/Content/VREditor/TransformGizmo/RotationHandleFull.uexp" 580
"../../../Engine/Content/VREditor/Sounds/UI/Object_PickUp.ubulk" 581
"../../../Engine/Content/VREditor/Sounds/UI/Object_PickUp.uasset" 582
"../../../Engine/Content/VREditor/Sounds/UI/Object_PickUp.uexp" 583
"../../../Engine/Content/EngineSounds/Master.uasset" 584
"../../../Engine/Content/EngineSounds/Master.uexp" 585
"../../../Engine/Content/EngineResources/WhiteSquareTexture.uasset" 586
"../../../Engine/Content/EngineResources/WhiteSquareTexture.uexp" 587
"../../../Engine/Content/EngineMaterials/Widget3DPassThrough.uasset" 588
"../../../Engine/Content/EngineMaterials/Widget3DPassThrough.uexp" 589
"../../../Engine/Content/EngineMaterials/Widget3DPassThrough_Translucent.uasset" 590
"../../../Engine/Content/EngineMaterials/Widget3DPassThrough_Translucent.uexp" 591
"../../../Engine/Content/EngineMaterials/Widget3DPassThrough_Translucent_OneSided.uasset" 592
"../../../Engine/Content/EngineMaterials/Widget3DPassThrough_Translucent_OneSided.uexp" 593
"../../../Engine/Content/EngineMaterials/Widget3DPassThrough_Opaque.uasset" 594
"../../../Engine/Content/EngineMaterials/Widget3DPassThrough_Opaque.uexp" 595
"../../../Engine/Content/EngineMaterials/Widget3DPassThrough_Opaque_OneSided.uasset" 596
"../../../Engine/Content/EngineMaterials/Widget3DPassThrough_Opaque_OneSided.uexp" 597
"../../../Engine/Content/EngineMaterials/Widget3DPassThrough_Masked_OneSided.uasset" 598
"../../../Engine/Content/EngineMaterials/Widget3DPassThrough_Masked_OneSided.uexp" 599
"../../../Engine/Content/EngineMaterials/Widget3DPassThrough_Masked.uasset" 600
"../../../Engine/Content/EngineMaterials/Widget3DPassThrough_Masked.uexp" 601
"../../../Engine/Content/EngineMaterials/STBlueNoise_vec2_128x128x64.uasset" 602
"../../../Engine/Content/EngineMaterials/STBlueNoise_vec2_128x128x64.uexp" 603
"../../../Engine/Content/EngineMaterials/STBlueNoise_scalar_128x128x64.uasset" 604
"../../../Engine/Content/EngineMaterials/STBlueNoise_scalar_128x128x64.uexp" 605
"../../../Engine/Content/EngineMaterials/RemoveSurfaceMaterial.uasset" 606
"../../../Engine/Content/EngineMaterials/RemoveSurfaceMaterial.uexp" 607
"../../../Engine/Content/EngineMaterials/DefaultCalibrationGrayscale.uasset" 608
"../../../Engine/Content/EngineMaterials/DefaultCalibrationGrayscale.uexp" 609
"../../../Engine/Content/EngineMaterials/PPM_DefaultCalibrationGrayscale.uasset" 610
"../../../Engine/Content/EngineMaterials/PPM_DefaultCalibrationGrayscale.uexp" 611
"../../../Engine/Content/EngineMaterials/DefaultCalibrationColor.uasset" 612
"../../../Engine/Content/EngineMaterials/DefaultCalibrationColor.uexp" 613
"../../../Engine/Content/EngineMaterials/PPM_DefaultCalibrationColor.uasset" 614
"../../../Engine/Content/EngineMaterials/PPM_DefaultCalibrationColor.uexp" 615
"../../../Engine/Content/EngineMaterials/PhAT_JointLimitMaterial.uasset" 616
"../../../Engine/Content/EngineMaterials/PhAT_JointLimitMaterial.uexp" 617
"../../../Engine/Content/EngineMaterials/NaniteHiddenSectionMaterial.uasset" 618
"../../../Engine/Content/EngineMaterials/NaniteHiddenSectionMaterial.uexp" 619
"../../../Engine/Content/EngineMaterials/InvalidLightmapSettings.ubulk" 620
"../../../Engine/Content/EngineMaterials/InvalidLightmapSettings.uasset" 621
"../../../Engine/Content/EngineMaterials/InvalidLightmapSettings.uexp" 622
"../../../Engine/Content/EngineMaterials/M_InvalidLightmapSettings.uasset" 623
"../../../Engine/Content/EngineMaterials/M_InvalidLightmapSettings.uexp" 624
"../../../Engine/Content/EngineMaterials/GizmoMaterial.uasset" 625
"../../../Engine/Content/EngineMaterials/GizmoMaterial.uexp" 626
"../../../Engine/Content/EngineMaterials/BaseFlattenEmissiveMap_VT.uasset" 627
"../../../Engine/Content/EngineMaterials/BaseFlattenEmissiveMap_VT.uexp" 628
"../../../Engine/Content/EngineMaterials/BaseFlattenGrayscaleMap_VT.uasset" 629
"../../../Engine/Content/EngineMaterials/BaseFlattenGrayscaleMap_VT.uexp" 630
"../../../Engine/Content/EngineMaterials/BaseFlattenLinearColor_VT.uasset" 631
"../../../Engine/Content/EngineMaterials/BaseFlattenLinearColor_VT.uexp" 632
"../../../Engine/Content/EngineMaterials/Black_1x1_EXR_Texture_VT.uasset" 633
"../../../Engine/Content/EngineMaterials/Black_1x1_EXR_Texture_VT.uexp" 634
"../../../Engine/Content/EngineMaterials/BaseFlattenDiffuseMap_VT.uasset" 635
"../../../Engine/Content/EngineMaterials/BaseFlattenDiffuseMap_VT.uexp" 636
"../../../Engine/Content/EngineMaterials/BaseFlattenNormalMap_VT.uasset" 637
"../../../Engine/Content/EngineMaterials/BaseFlattenNormalMap_VT.uexp" 638
"../../../Engine/Content/EngineMaterials/FlattenMaterial_VT.uasset" 639
"../../../Engine/Content/EngineMaterials/FlattenMaterial_VT.uexp" 640
"../../../Engine/Content/EngineMaterials/BaseFlattenNormalMap.uasset" 641
"../../../Engine/Content/EngineMaterials/BaseFlattenNormalMap.uexp" 642
"../../../Engine/Content/EngineMaterials/BaseFlattenGrayscaleMap.uasset" 643
"../../../Engine/Content/EngineMaterials/BaseFlattenGrayscaleMap.uexp" 644
"../../../Engine/Content/EngineMaterials/BaseFlattenDiffuseMap.uasset" 645
"../../../Engine/Content/EngineMaterials/BaseFlattenDiffuseMap.uexp" 646
"../../../Engine/Content/Functions/Engine_MaterialFunctions02/PivotPainter2/Black_1x1_EXR_Texture.uasset" 647
"../../../Engine/Content/Functions/Engine_MaterialFunctions02/PivotPainter2/Black_1x1_EXR_Texture.uexp" 648
"../../../Engine/Content/EngineMaterials/BaseFlattenEmissiveMap.uasset" 649
"../../../Engine/Content/EngineMaterials/BaseFlattenEmissiveMap.uexp" 650
"../../../Engine/Content/EngineMaterials/BaseFlattenLinearColor.uasset" 651
"../../../Engine/Content/EngineMaterials/BaseFlattenLinearColor.uexp" 652
"../../../Engine/Content/EngineMaterials/FlattenMaterial.uasset" 653
"../../../Engine/Content/EngineMaterials/FlattenMaterial.uexp" 654
"../../../Engine/Content/EngineMaterials/DefaultWhiteGrid_Low.uasset" 655
"../../../Engine/Content/EngineMaterials/DefaultWhiteGrid_Low.uexp" 656
"../../../Engine/Content/EngineMaterials/EmissiveMeshMaterial.uasset" 657
"../../../Engine/Content/EngineMaterials/EmissiveMeshMaterial.uexp" 658
"../../../Engine/Content/EngineFonts/RobotoDistanceField.uasset" 659
"../../../Engine/Content/EngineFonts/RobotoDistanceField.uexp" 660
"../../../Engine/Content/EngineMaterials/DefaultTextMaterialOpaque.uasset" 661
"../../../Engine/Content/EngineMaterials/DefaultTextMaterialOpaque.uexp" 662
"../../../Engine/Content/EngineMaterials/DefaultDiffuse.ubulk" 663
"../../../Engine/Content/EngineMaterials/DefaultDiffuse.uasset" 664
"../../../Engine/Content/EngineMaterials/DefaultDiffuse.uexp" 665
"../../../Engine/Content/EngineMaterials/DefaultPostProcessMaterial.uasset" 666
"../../../Engine/Content/EngineMaterials/DefaultPostProcessMaterial.uexp" 667
"../../../Engine/Content/EngineMaterials/DefaultPhysicalMaterial.uasset" 668
"../../../Engine/Content/EngineMaterials/DefaultPhysicalMaterial.uexp" 669
"../../../Engine/Content/EngineMaterials/DefaultLightFunctionMaterial.uasset" 670
"../../../Engine/Content/EngineMaterials/DefaultLightFunctionMaterial.uexp" 671
"../../../Engine/Content/EngineMaterials/DefaultDestructiblePhysicalMaterial.uasset" 672
"../../../Engine/Content/EngineMaterials/DefaultDestructiblePhysicalMaterial.uexp" 673
"../../../Engine/Content/EngineMaterials/DefaultDeferredDecalMaterial.uasset" 674
"../../../Engine/Content/EngineMaterials/DefaultDeferredDecalMaterial.uexp" 675
"../../../Engine/Content/EngineMaterials/DefaultBloomKernel.uasset" 676
"../../../Engine/Content/EngineMaterials/DefaultBloomKernel.uexp" 677
"../../../Engine/Content/EngineFonts/Faces/RobotoLight.uexp" 678
"../../../Engine/Content/EngineFonts/Faces/RobotoLight.uasset" 679
"../../../Engine/Content/EngineFonts/Faces/RobotoLight.ufont" 680
"../../../Engine/Content/EngineFonts/Faces/RobotoBold.uexp" 681
"../../../Engine/Content/EngineFonts/Faces/RobotoBold.uasset" 682
"../../../Engine/Content/EngineFonts/Faces/RobotoBold.ufont" 683
"../../../Engine/Content/EngineFonts/Faces/RobotoRegular.uexp" 684
"../../../Engine/Content/EngineFonts/Faces/RobotoRegular.uasset" 685
"../../../Engine/Content/EngineFonts/Faces/RobotoRegular.ufont" 686
"../../../Engine/Content/EngineFonts/Faces/DroidSansFallback.uexp" 687
"../../../Engine/Content/EngineFonts/Faces/DroidSansFallback.uasset" 688
"../../../Engine/Content/EngineFonts/Faces/DroidSansFallback.ufont" 689
"../../../Engine/Content/EngineFonts/Faces/RobotoItalic.uexp" 690
"../../../Engine/Content/EngineFonts/Faces/RobotoItalic.uasset" 691
"../../../Engine/Content/EngineFonts/Faces/RobotoItalic.ufont" 692
"../../../Engine/Content/EngineFonts/Faces/RobotoBoldItalic.uexp" 693
"../../../Engine/Content/EngineFonts/Faces/RobotoBoldItalic.uasset" 694
"../../../Engine/Content/EngineFonts/Faces/RobotoBoldItalic.ufont" 695
"../../../Engine/Content/EngineFonts/Roboto.uasset" 696
"../../../Engine/Content/EngineFonts/Roboto.uexp" 697
"../../../Engine/Content/EngineDebugMaterials/VolumeToRender.uasset" 698
"../../../Engine/Content/EngineDebugMaterials/VolumeToRender.uexp" 699
"../../../Engine/Content/EngineDebugMaterials/M_VolumeRenderSphereTracePP.uasset" 700
"../../../Engine/Content/EngineDebugMaterials/M_VolumeRenderSphereTracePP.uexp" 701
"../../../Engine/Content/EngineDebugMaterials/M_SimpleUnlitTranslucent.uasset" 702
"../../../Engine/Content/EngineDebugMaterials/M_SimpleUnlitTranslucent.uexp" 703
"../../../Engine/Content/EngineDebugMaterials/DebugMeshMaterial.uasset" 704
"../../../Engine/Content/EngineDebugMaterials/DebugMeshMaterial.uexp" 705
"../../../Engine/Content/EngineDebugMaterials/DebugEditorMaterial.uasset" 706
"../../../Engine/Content/EngineDebugMaterials/DebugEditorMaterial.uexp" 707
"../../../Engine/Content/EngineDamageTypes/DmgTypeBP_Environmental.uasset" 708
"../../../Engine/Content/EngineDamageTypes/DmgTypeBP_Environmental.uexp" 709
"../../../Engine/Content/EditorResources/EmptyActor.uasset" 710
"../../../Engine/Content/EditorResources/EmptyActor.uexp" 711
"../../../Engine/Content/EditorResources/BSPVertex.uasset" 712
"../../../Engine/Content/EditorResources/BSPVertex.uexp" 713
"../../../Engine/Content/EditorMaterials/PreviewShadowIndicator.ubulk" 714
"../../../Engine/Content/EditorMaterials/PreviewShadowIndicator.uasset" 715
"../../../Engine/Content/EditorMaterials/PreviewShadowIndicator.uexp" 716
"../../../Engine/Content/EditorMaterials/PreviewShadowIndicatorMaterial.uasset" 717
"../../../Engine/Content/EditorMaterials/PreviewShadowIndicatorMaterial.uexp" 718
"../../../Engine/Content/EditorMaterials/PhAT_UnselectedMaterial.uasset" 719
"../../../Engine/Content/EditorMaterials/PhAT_UnselectedMaterial.uexp" 720
"../../../Engine/Content/EditorMaterials/PhAT_NoCollisionMaterial.uasset" 721
"../../../Engine/Content/EditorMaterials/PhAT_NoCollisionMaterial.uexp" 722
"../../../Engine/Content/EditorLandscapeResources/DefaultAlphaTexture.uasset" 723
"../../../Engine/Content/EditorLandscapeResources/DefaultAlphaTexture.uexp" 724
"../../../Engine/Content/EditorLandscapeResources/DataLayer.uasset" 725
"../../../Engine/Content/EditorLandscapeResources/DataLayer.uexp" 726
"../../../Engine/Content/BasicShapes/Cone.ubulk" 727
"../../../Engine/Content/BasicShapes/Cone.uasset" 728
"../../../Engine/Content/BasicShapes/Cone.uexp" 729
"../../../Engine/Content/BasicShapes/BasicShapeMaterial.uasset" 730
"../../../Engine/Content/BasicShapes/BasicShapeMaterial.uexp" 731
"C:/Users/abhij/Documents/Unreal Projects/Dissertation/Content/StarterContent/Materials/M_Basic_Wall.uasset" 732
"C:/Users/abhij/Documents/Unreal Projects/Dissertation/Content/StarterContent/Materials/M_Basic_Wall.uexp" 733
"C:/Users/abhij/Documents/Unreal Projects/Dissertation/Content/StarterContent/Shapes/Shape_WideCapsule.ubulk" 734
"C:/Users/abhij/Documents/Unreal Projects/Dissertation/Content/StarterContent/Shapes/Shape_WideCapsule.uasset" 735
"C:/Users/abhij/Documents/Unreal Projects/Dissertation/Content/StarterContent/Shapes/Shape_WideCapsule.uexp" 736
"C:/Users/abhij/Documents/Unreal Projects/Dissertation/Content/StarterContent/Shapes/Shape_Wedge_B.ubulk" 737
"C:/Users/abhij/Documents/Unreal Projects/Dissertation/Content/StarterContent/Shapes/Shape_Wedge_B.uasset" 738
"C:/Users/abhij/Documents/Unreal Projects/Dissertation/Content/StarterContent/Shapes/Shape_Wedge_B.uexp" 739
"C:/Users/abhij/Documents/Unreal Projects/Dissertation/Content/StarterContent/Shapes/Shape_Wedge_A.ubulk" 740
"C:/Users/abhij/Documents/Unreal Projects/Dissertation/Content/StarterContent/Shapes/Shape_Wedge_A.uasset" 741
"C:/Users/abhij/Documents/Unreal Projects/Dissertation/Content/StarterContent/Shapes/Shape_Wedge_A.uexp" 742
"C:/Users/abhij/Documents/Unreal Projects/Dissertation/Content/StarterContent/Shapes/Shape_Tube.ubulk" 743
"C:/Users/abhij/Documents/Unreal Projects/Dissertation/Content/StarterContent/Shapes/Shape_Tube.uasset" 744
"C:/Users/abhij/Documents/Unreal Projects/Dissertation/Content/StarterContent/Shapes/Shape_Tube.uexp" 745
"C:/Users/abhij/Documents/Unreal Projects/Dissertation/Content/StarterContent/Shapes/Shape_TriPyramid.ubulk" 746
"C:/Users/abhij/Documents/Unreal Projects/Dissertation/Content/StarterContent/Shapes/Shape_TriPyramid.uasset" 747
"C:/Users/abhij/Documents/Unreal Projects/Dissertation/Content/StarterContent/Shapes/Shape_TriPyramid.uexp" 748
"C:/Users/abhij/Documents/Unreal Projects/Dissertation/Content/StarterContent/Shapes/Shape_Trim_90_Out.ubulk" 749
"C:/Users/abhij/Documents/Unreal Projects/Dissertation/Content/StarterContent/Shapes/Shape_Trim_90_Out.uasset" 750
"C:/Users/abhij/Documents/Unreal Projects/Dissertation/Content/StarterContent/Shapes/Shape_Trim_90_Out.uexp" 751
"C:/Users/abhij/Documents/Unreal Projects/Dissertation/Content/StarterContent/Shapes/Shape_Trim_90_In.ubulk" 752
"C:/Users/abhij/Documents/Unreal Projects/Dissertation/Content/StarterContent/Shapes/Shape_Trim_90_In.uasset" 753
"C:/Users/abhij/Documents/Unreal Projects/Dissertation/Content/StarterContent/Shapes/Shape_Trim_90_In.uexp" 754
"C:/Users/abhij/Documents/Unreal Projects/Dissertation/Content/StarterContent/Shapes/Shape_Trim.ubulk" 755
"C:/Users/abhij/Documents/Unreal Projects/Dissertation/Content/StarterContent/Shapes/Shape_Trim.uasset" 756
"C:/Users/abhij/Documents/Unreal Projects/Dissertation/Content/StarterContent/Shapes/Shape_Trim.uexp" 757
"C:/Users/abhij/Documents/Unreal Projects/Dissertation/Content/StarterContent/Shapes/Shape_Torus.ubulk" 758
"C:/Users/abhij/Documents/Unreal Projects/Dissertation/Content/StarterContent/Shapes/Shape_Torus.uasset" 759
"C:/Users/abhij/Documents/Unreal Projects/Dissertation/Content/StarterContent/Shapes/Shape_Torus.uexp" 760
"C:/Users/abhij/Documents/Unreal Projects/Dissertation/Content/StarterContent/Shapes/Shape_Plane.ubulk" 761
"C:/Users/abhij/Documents/Unreal Projects/Dissertation/Content/StarterContent/Shapes/Shape_Plane.uasset" 762
"C:/Users/abhij/Documents/Unreal Projects/Dissertation/Content/StarterContent/Shapes/Shape_Plane.uexp" 763
"C:/Users/abhij/Documents/Unreal Projects/Dissertation/Content/StarterContent/Shapes/Shape_Pipe_90.ubulk" 764
"C:/Users/abhij/Documents/Unreal Projects/Dissertation/Content/StarterContent/Shapes/Shape_Pipe_90.uasset" 765
"C:/Users/abhij/Documents/Unreal Projects/Dissertation/Content/StarterContent/Shapes/Shape_Pipe_90.uexp" 766
"C:/Users/abhij/Documents/Unreal Projects/Dissertation/Content/StarterContent/Shapes/Shape_Pipe_180.ubulk" 767
"C:/Users/abhij/Documents/Unreal Projects/Dissertation/Content/StarterContent/Shapes/Shape_Pipe_180.uasset" 768
"C:/Users/abhij/Documents/Unreal Projects/Dissertation/Content/StarterContent/Shapes/Shape_Pipe_180.uexp" 769
"C:/Users/abhij/Documents/Unreal Projects/Dissertation/Content/StarterContent/Shapes/Shape_Pipe.ubulk" 770
"C:/Users/abhij/Documents/Unreal Projects/Dissertation/Content/StarterContent/Shapes/Shape_Pipe.uasset" 771
"C:/Users/abhij/Documents/Unreal Projects/Dissertation/Content/StarterContent/Shapes/Shape_Pipe.uexp" 772
"C:/Users/abhij/Documents/Unreal Projects/Dissertation/Content/StarterContent/Shapes/Shape_NarrowCapsule.ubulk" 773
"C:/Users/abhij/Documents/Unreal Projects/Dissertation/Content/StarterContent/Shapes/Shape_NarrowCapsule.uasset" 774
"C:/Users/abhij/Documents/Unreal Projects/Dissertation/Content/StarterContent/Shapes/Shape_NarrowCapsule.uexp" 775
"C:/Users/abhij/Documents/Unreal Projects/Dissertation/Content/StarterContent/Shapes/Shape_Cylinder.ubulk" 776
"C:/Users/abhij/Documents/Unreal Projects/Dissertation/Content/StarterContent/Shapes/Shape_Cylinder.uasset" 777
"C:/Users/abhij/Documents/Unreal Projects/Dissertation/Content/StarterContent/Shapes/Shape_Cylinder.uexp" 778
"C:/Users/abhij/Documents/Unreal Projects/Dissertation/Content/StarterContent/Shapes/Shape_Cone.ubulk" 779
"C:/Users/abhij/Documents/Unreal Projects/Dissertation/Content/StarterContent/Shapes/Shape_Cone.uasset" 780
"C:/Users/abhij/Documents/Unreal Projects/Dissertation/Content/StarterContent/Shapes/Shape_Cone.uexp" 781
"C:/Users/abhij/Documents/Unreal Projects/Dissertation/Content/StarterContent/Materials/M_Basic_Floor.uasset" 782
"C:/Users/abhij/Documents/Unreal Projects/Dissertation/Content/StarterContent/Materials/M_Basic_Floor.uexp" 783
"C:/Users/abhij/Documents/Unreal Projects/Dissertation/Content/StarterContent/Props/SM_Stairs.ubulk" 784
"C:/Users/abhij/Documents/Unreal Projects/Dissertation/Content/StarterContent/Props/SM_Stairs.uasset" 785
"C:/Users/abhij/Documents/Unreal Projects/Dissertation/Content/StarterContent/Props/SM_Stairs.uexp" 786
"C:/Users/abhij/Documents/Unreal Projects/Dissertation/Content/StarterContent/Textures/T_Shelf_N.ubulk" 787
"C:/Users/abhij/Documents/Unreal Projects/Dissertation/Content/StarterContent/Textures/T_Shelf_N.uasset" 788
"C:/Users/abhij/Documents/Unreal Projects/Dissertation/Content/StarterContent/Textures/T_Shelf_N.uexp" 789
"C:/Users/abhij/Documents/Unreal Projects/Dissertation/Content/StarterContent/Textures/T_Shelf_M.ubulk" 790
"C:/Users/abhij/Documents/Unreal Projects/Dissertation/Content/StarterContent/Textures/T_Shelf_M.uasset" 791
"C:/Users/abhij/Documents/Unreal Projects/Dissertation/Content/StarterContent/Textures/T_Shelf_M.uexp" 792
"C:/Users/abhij/Documents/Unreal Projects/Dissertation/Content/StarterContent/Props/Materials/M_Shelf.uasset" 793
"C:/Users/abhij/Documents/Unreal Projects/Dissertation/Content/StarterContent/Props/Materials/M_Shelf.uexp" 794
"C:/Users/abhij/Documents/Unreal Projects/Dissertation/Content/StarterContent/Props/SM_Shelf.ubulk" 795
"C:/Users/abhij/Documents/Unreal Projects/Dissertation/Content/StarterContent/Props/SM_Shelf.uasset" 796
"C:/Users/abhij/Documents/Unreal Projects/Dissertation/Content/StarterContent/Props/SM_Shelf.uexp" 797
"../../../Engine/Content/Functions/Engine_MaterialFunctions02/Utility/BlendAngleCorrectedNormals.uasset" 798
"../../../Engine/Content/Functions/Engine_MaterialFunctions02/Utility/BlendAngleCorrectedNormals.uexp" 799
"C:/Users/abhij/Documents/Unreal Projects/Dissertation/Content/StarterContent/Textures/T_Detail_Rocky_N.ubulk" 800
"C:/Users/abhij/Documents/Unreal Projects/Dissertation/Content/StarterContent/Textures/T_Detail_Rocky_N.uasset" 801
"C:/Users/abhij/Documents/Unreal Projects/Dissertation/Content/StarterContent/Textures/T_Detail_Rocky_N.uexp" 802
"C:/Users/abhij/Documents/Unreal Projects/Dissertation/Content/StarterContent/Textures/T_Rock_Basalt_D.ubulk" 803
"C:/Users/abhij/Documents/Unreal Projects/Dissertation/Content/StarterContent/Textures/T_Rock_Basalt_D.uasset" 804
"C:/Users/abhij/Documents/Unreal Projects/Dissertation/Content/StarterContent/Textures/T_Rock_Basalt_D.uexp" 805
"C:/Users/abhij/Documents/Unreal Projects/Dissertation/Content/StarterContent/Textures/T_RockMesh_N.ubulk" 806
"C:/Users/abhij/Documents/Unreal Projects/Dissertation/Content/StarterContent/Textures/T_RockMesh_N.uasset" 807
"C:/Users/abhij/Documents/Unreal Projects/Dissertation/Content/StarterContent/Textures/T_RockMesh_N.uexp" 808
"C:/Users/abhij/Documents/Unreal Projects/Dissertation/Content/StarterContent/Textures/T_RockMesh_M.ubulk" 809
"C:/Users/abhij/Documents/Unreal Projects/Dissertation/Content/StarterContent/Textures/T_RockMesh_M.uasset" 810
"C:/Users/abhij/Documents/Unreal Projects/Dissertation/Content/StarterContent/Textures/T_RockMesh_M.uexp" 811
"C:/Users/abhij/Documents/Unreal Projects/Dissertation/Content/StarterContent/Props/Materials/M_Rock.uasset" 812
"C:/Users/abhij/Documents/Unreal Projects/Dissertation/Content/StarterContent/Props/Materials/M_Rock.uexp" 813
"C:/Users/abhij/Documents/Unreal Projects/Dissertation/Content/StarterContent/Props/SM_Rock.ubulk" 814
"C:/Users/abhij/Documents/Unreal Projects/Dissertation/Content/StarterContent/Props/SM_Rock.uasset" 815
"C:/Users/abhij/Documents/Unreal Projects/Dissertation/Content/StarterContent/Props/SM_Rock.uexp" 816
"C:/Users/abhij/Documents/Unreal Projects/Dissertation/Content/StarterContent/Materials/M_Glass.uasset" 817
"C:/Users/abhij/Documents/Unreal Projects/Dissertation/Content/StarterContent/Materials/M_Glass.uexp" 818
"C:/Users/abhij/Documents/Unreal Projects/Dissertation/Content/StarterContent/Textures/T_Door_N.ubulk" 819
"C:/Users/abhij/Documents/Unreal Projects/Dissertation/Content/StarterContent/Textures/T_Door_N.uasset" 820
"C:/Users/abhij/Documents/Unreal Projects/Dissertation/Content/StarterContent/Textures/T_Door_N.uexp" 821
"C:/Users/abhij/Documents/Unreal Projects/Dissertation/Content/StarterContent/Textures/T_Door_M.ubulk" 822
"C:/Users/abhij/Documents/Unreal Projects/Dissertation/Content/StarterContent/Textures/T_Door_M.uasset" 823
"C:/Users/abhij/Documents/Unreal Projects/Dissertation/Content/StarterContent/Textures/T_Door_M.uexp" 824
"C:/Users/abhij/Documents/Unreal Projects/Dissertation/Content/StarterContent/Props/Materials/M_Door.uasset" 825
"C:/Users/abhij/Documents/Unreal Projects/Dissertation/Content/StarterContent/Props/Materials/M_Door.uexp" 826
"C:/Users/abhij/Documents/Unreal Projects/Dissertation/Content/StarterContent/Props/SM_Door.ubulk" 827
"C:/Users/abhij/Documents/Unreal Projects/Dissertation/Content/StarterContent/Props/SM_Door.uasset" 828
"C:/Users/abhij/Documents/Unreal Projects/Dissertation/Content/StarterContent/Props/SM_Door.uexp" 829
"C:/Users/abhij/Documents/Unreal Projects/Dissertation/Content/StarterContent/Textures/T_Chair_N.ubulk" 830
"C:/Users/abhij/Documents/Unreal Projects/Dissertation/Content/StarterContent/Textures/T_Chair_N.uasset" 831
"C:/Users/abhij/Documents/Unreal Projects/Dissertation/Content/StarterContent/Textures/T_Chair_N.uexp" 832
"C:/Users/abhij/Documents/Unreal Projects/Dissertation/Content/StarterContent/Textures/T_Chair_M.ubulk" 833
"C:/Users/abhij/Documents/Unreal Projects/Dissertation/Content/StarterContent/Textures/T_Chair_M.uasset" 834
"C:/Users/abhij/Documents/Unreal Projects/Dissertation/Content/StarterContent/Textures/T_Chair_M.uexp" 835
"C:/Users/abhij/Documents/Unreal Projects/Dissertation/Content/StarterContent/Props/Materials/M_Chair.uasset" 836
"C:/Users/abhij/Documents/Unreal Projects/Dissertation/Content/StarterContent/Props/Materials/M_Chair.uexp" 837
"C:/Users/abhij/Documents/Unreal Projects/Dissertation/Content/StarterContent/Props/SM_Couch.ubulk" 838
"C:/Users/abhij/Documents/Unreal Projects/Dissertation/Content/StarterContent/Props/SM_Couch.uasset" 839
"C:/Users/abhij/Documents/Unreal Projects/Dissertation/Content/StarterContent/Props/SM_Couch.uexp" 840
"C:/Users/abhij/Documents/Unreal Projects/Dissertation/Content/StarterContent/Textures/T_Bush_N.ubulk" 841
"C:/Users/abhij/Documents/Unreal Projects/Dissertation/Content/StarterContent/Textures/T_Bush_N.uasset" 842
"C:/Users/abhij/Documents/Unreal Projects/Dissertation/Content/StarterContent/Textures/T_Bush_N.uexp" 843
"C:/Users/abhij/Documents/Unreal Projects/Dissertation/Content/StarterContent/Textures/T_Bush_D.ubulk" 844
"C:/Users/abhij/Documents/Unreal Projects/Dissertation/Content/StarterContent/Textures/T_Bush_D.uasset" 845
"C:/Users/abhij/Documents/Unreal Projects/Dissertation/Content/StarterContent/Textures/T_Bush_D.uexp" 846
"C:/Users/abhij/Documents/Unreal Projects/Dissertation/Content/StarterContent/Props/Materials/M_Bush.uasset" 847
"C:/Users/abhij/Documents/Unreal Projects/Dissertation/Content/StarterContent/Props/Materials/M_Bush.uexp" 848
"C:/Users/abhij/Documents/Unreal Projects/Dissertation/Content/StarterContent/Props/SM_Bush.ubulk" 849
"C:/Users/abhij/Documents/Unreal Projects/Dissertation/Content/StarterContent/Props/SM_Bush.uasset" 850
"C:/Users/abhij/Documents/Unreal Projects/Dissertation/Content/StarterContent/Props/SM_Bush.uexp" 851
"../../../Engine/Content/EditorMeshes/ColorCalibrator/T_ColorGrid.ubulk" 852
"../../../Engine/Content/EditorMeshes/ColorCalibrator/T_ColorGrid.uasset" 853
"../../../Engine/Content/EditorMeshes/ColorCalibrator/T_ColorGrid.uexp" 854
"C:/Users/abhij/Documents/Unreal Projects/Dissertation/Content/StarterContent/Materials/M_ColorGrid_LowSpec.uasset" 855
"C:/Users/abhij/Documents/Unreal Projects/Dissertation/Content/StarterContent/Materials/M_ColorGrid_LowSpec.uexp" 856
"C:/Users/abhij/Documents/Unreal Projects/Dissertation/Content/StarterContent/Textures/T_Smoke_SubUV.ubulk" 857
"C:/Users/abhij/Documents/Unreal Projects/Dissertation/Content/StarterContent/Textures/T_Smoke_SubUV.uasset" 858
"C:/Users/abhij/Documents/Unreal Projects/Dissertation/Content/StarterContent/Textures/T_Smoke_SubUV.uexp" 859
"C:/Users/abhij/Documents/Unreal Projects/Dissertation/Content/StarterContent/Textures/T_Smoke_Tiled_D.ubulk" 860
"C:/Users/abhij/Documents/Unreal Projects/Dissertation/Content/StarterContent/Textures/T_Smoke_Tiled_D.uasset" 861
"C:/Users/abhij/Documents/Unreal Projects/Dissertation/Content/StarterContent/Textures/T_Smoke_Tiled_D.uexp" 862
"C:/Users/abhij/Documents/Unreal Projects/Dissertation/Content/StarterContent/Particles/Materials/M_smoke_subUV.uasset" 863
"C:/Users/abhij/Documents/Unreal Projects/Dissertation/Content/StarterContent/Particles/Materials/M_smoke_subUV.uexp" 864
"C:/Users/abhij/Documents/Unreal Projects/Dissertation/Content/StarterContent/Textures/T_Burst_M.ubulk" 865
"C:/Users/abhij/Documents/Unreal Projects/Dissertation/Content/StarterContent/Textures/T_Burst_M.uasset" 866
"C:/Users/abhij/Documents/Unreal Projects/Dissertation/Content/StarterContent/Textures/T_Burst_M.uexp" 867
"C:/Users/abhij/Documents/Unreal Projects/Dissertation/Content/StarterContent/Particles/Materials/M_Burst.uasset" 868
"C:/Users/abhij/Documents/Unreal Projects/Dissertation/Content/StarterContent/Particles/Materials/M_Burst.uexp" 869
"C:/Users/abhij/Documents/Unreal Projects/Dissertation/Content/StarterContent/Particles/Materials/m_flare_01.uasset" 870
"C:/Users/abhij/Documents/Unreal Projects/Dissertation/Content/StarterContent/Particles/Materials/m_flare_01.uexp" 871
"C:/Users/abhij/Documents/Unreal Projects/Dissertation/Content/StarterContent/Textures/T_Explosion_SubUV.ubulk" 872
"C:/Users/abhij/Documents/Unreal Projects/Dissertation/Content/StarterContent/Textures/T_Explosion_SubUV.uasset" 873
"C:/Users/abhij/Documents/Unreal Projects/Dissertation/Content/StarterContent/Textures/T_Explosion_SubUV.uexp" 874
"C:/Users/abhij/Documents/Unreal Projects/Dissertation/Content/StarterContent/Particles/Materials/M_explosion_subUV.uasset" 875
"C:/Users/abhij/Documents/Unreal Projects/Dissertation/Content/StarterContent/Particles/Materials/M_explosion_subUV.uexp" 876
"../../../Engine/Content/Functions/Engine_MaterialFunctions01/Gradient/RadialGradient.uasset" 877
"../../../Engine/Content/Functions/Engine_MaterialFunctions01/Gradient/RadialGradient.uexp" 878
"C:/Users/abhij/Documents/Unreal Projects/Dissertation/Content/StarterContent/Particles/Materials/M_radial_ramp.uasset" 879
"C:/Users/abhij/Documents/Unreal Projects/Dissertation/Content/StarterContent/Particles/Materials/M_radial_ramp.uexp" 880
"C:/Users/abhij/Documents/Unreal Projects/Dissertation/Content/StarterContent/Particles/P_Explosion.uasset" 881
"C:/Users/abhij/Documents/Unreal Projects/Dissertation/Content/StarterContent/Particles/P_Explosion.uexp" 882
"C:/Users/abhij/Documents/Unreal Projects/Dissertation/Content/StarterContent/Audio/Explosion_Cue.uasset" 883
"C:/Users/abhij/Documents/Unreal Projects/Dissertation/Content/StarterContent/Audio/Explosion_Cue.uexp" 884
"C:/Users/abhij/Documents/Unreal Projects/Dissertation/Content/StarterContent/Blueprints/Blueprint_Effect_Explosion.uasset" 885
"C:/Users/abhij/Documents/Unreal Projects/Dissertation/Content/StarterContent/Blueprints/Blueprint_Effect_Explosion.uexp" 886
"C:/Users/abhij/Documents/Unreal Projects/Dissertation/Content/StarterContent/Audio/Steam01.ubulk" 887
"C:/Users/abhij/Documents/Unreal Projects/Dissertation/Content/StarterContent/Audio/Steam01.uasset" 888
"C:/Users/abhij/Documents/Unreal Projects/Dissertation/Content/StarterContent/Audio/Steam01.uexp" 889
"C:/Users/abhij/Documents/Unreal Projects/Dissertation/Content/StarterContent/Audio/Starter_Wind06.ubulk" 890
"C:/Users/abhij/Documents/Unreal Projects/Dissertation/Content/StarterContent/Audio/Starter_Wind06.uasset" 891
"C:/Users/abhij/Documents/Unreal Projects/Dissertation/Content/StarterContent/Audio/Starter_Wind06.uexp" 892
"C:/Users/abhij/Documents/Unreal Projects/Dissertation/Content/StarterContent/Audio/Starter_Wind05.ubulk" 893
"C:/Users/abhij/Documents/Unreal Projects/Dissertation/Content/StarterContent/Audio/Starter_Wind05.uasset" 894
"C:/Users/abhij/Documents/Unreal Projects/Dissertation/Content/StarterContent/Audio/Starter_Wind05.uexp" 895
"C:/Users/abhij/Documents/Unreal Projects/Dissertation/Content/StarterContent/Audio/Starter_Music01.ubulk" 896
"C:/Users/abhij/Documents/Unreal Projects/Dissertation/Content/StarterContent/Audio/Starter_Music01.uasset" 897
"C:/Users/abhij/Documents/Unreal Projects/Dissertation/Content/StarterContent/Audio/Starter_Music01.uexp" 898
"C:/Users/abhij/Documents/Unreal Projects/Dissertation/Content/StarterContent/Audio/Starter_Birds01.ubulk" 899
"C:/Users/abhij/Documents/Unreal Projects/Dissertation/Content/StarterContent/Audio/Starter_Birds01.uasset" 900
"C:/Users/abhij/Documents/Unreal Projects/Dissertation/Content/StarterContent/Audio/Starter_Birds01.uexp" 901
"C:/Users/abhij/Documents/Unreal Projects/Dissertation/Content/StarterContent/Audio/Smoke01.ubulk" 902
"C:/Users/abhij/Documents/Unreal Projects/Dissertation/Content/StarterContent/Audio/Smoke01.uasset" 903
"C:/Users/abhij/Documents/Unreal Projects/Dissertation/Content/StarterContent/Audio/Smoke01.uexp" 904
"C:/Users/abhij/Documents/Unreal Projects/Dissertation/Content/StarterContent/Audio/Light02_Cue.uasset" 905
"C:/Users/abhij/Documents/Unreal Projects/Dissertation/Content/StarterContent/Audio/Light02_Cue.uexp" 906
"C:/Users/abhij/Documents/Unreal Projects/Dissertation/Content/StarterContent/Audio/Light02.ubulk" 907
"C:/Users/abhij/Documents/Unreal Projects/Dissertation/Content/StarterContent/Audio/Light02.uasset" 908
"C:/Users/abhij/Documents/Unreal Projects/Dissertation/Content/StarterContent/Audio/Light02.uexp" 909
"C:/Users/abhij/Documents/Unreal Projects/Dissertation/Content/StarterContent/Audio/Light01_Cue.uasset" 910
"C:/Users/abhij/Documents/Unreal Projects/Dissertation/Content/StarterContent/Audio/Light01_Cue.uexp" 911
"C:/Users/abhij/Documents/Unreal Projects/Dissertation/Content/StarterContent/Audio/Light01.ubulk" 912
"C:/Users/abhij/Documents/Unreal Projects/Dissertation/Content/StarterContent/Audio/Light01.uasset" 913
"C:/Users/abhij/Documents/Unreal Projects/Dissertation/Content/StarterContent/Audio/Light01.uexp" 914
"C:/Users/abhij/Documents/Unreal Projects/Dissertation/Content/StarterContent/Audio/Fire_Sparks01.ubulk" 915
"C:/Users/abhij/Documents/Unreal Projects/Dissertation/Content/StarterContent/Audio/Fire_Sparks01.uasset" 916
"C:/Users/abhij/Documents/Unreal Projects/Dissertation/Content/StarterContent/Audio/Fire_Sparks01.uexp" 917
"C:/Users/abhij/Documents/Unreal Projects/Dissertation/Content/StarterContent/Audio/Fire01.ubulk" 918
"C:/Users/abhij/Documents/Unreal Projects/Dissertation/Content/StarterContent/Audio/Fire01.uasset" 919
"C:/Users/abhij/Documents/Unreal Projects/Dissertation/Content/StarterContent/Audio/Fire01.uexp" 920
"C:/Users/abhij/Documents/Unreal Projects/Dissertation/Content/StarterContent/Audio/Explosion02.ubulk" 921
"C:/Users/abhij/Documents/Unreal Projects/Dissertation/Content/StarterContent/Audio/Explosion02.uasset" 922
"C:/Users/abhij/Documents/Unreal Projects/Dissertation/Content/StarterContent/Audio/Explosion02.uexp" 923
"C:/Users/abhij/Documents/Unreal Projects/Dissertation/Content/StarterContent/Audio/Explosion01.ubulk" 924
"C:/Users/abhij/Documents/Unreal Projects/Dissertation/Content/StarterContent/Audio/Explosion01.uasset" 925
"C:/Users/abhij/Documents/Unreal Projects/Dissertation/Content/StarterContent/Audio/Explosion01.uexp" 926
"C:/Users/abhij/Documents/Unreal Projects/Dissertation/Content/StarterContent/Audio/Collapse02.ubulk" 927
"C:/Users/abhij/Documents/Unreal Projects/Dissertation/Content/StarterContent/Audio/Collapse02.uasset" 928
"C:/Users/abhij/Documents/Unreal Projects/Dissertation/Content/StarterContent/Audio/Collapse02.uexp" 929
"C:/Users/abhij/Documents/Unreal Projects/Dissertation/Content/StarterContent/Audio/Collapse01.ubulk" 930
"C:/Users/abhij/Documents/Unreal Projects/Dissertation/Content/StarterContent/Audio/Collapse01.uasset" 931
"C:/Users/abhij/Documents/Unreal Projects/Dissertation/Content/StarterContent/Audio/Collapse01.uexp" 932
"C:/Users/abhij/Documents/Unreal Projects/Dissertation/Content/StarterContent/Architecture/Wall_Window_400x400.ubulk" 933
"C:/Users/abhij/Documents/Unreal Projects/Dissertation/Content/StarterContent/Architecture/Wall_Window_400x400.uasset" 934
"C:/Users/abhij/Documents/Unreal Projects/Dissertation/Content/StarterContent/Architecture/Wall_Window_400x400.uexp" 935
"C:/Users/abhij/Documents/Unreal Projects/Dissertation/Content/StarterContent/Architecture/Wall_Door_400x400.ubulk" 936
"C:/Users/abhij/Documents/Unreal Projects/Dissertation/Content/StarterContent/Architecture/Wall_Door_400x400.uasset" 937
"C:/Users/abhij/Documents/Unreal Projects/Dissertation/Content/StarterContent/Architecture/Wall_Door_400x400.uexp" 938
"C:/Users/abhij/Documents/Unreal Projects/Dissertation/Content/StarterContent/Architecture/Wall_500x500.ubulk" 939
"C:/Users/abhij/Documents/Unreal Projects/Dissertation/Content/StarterContent/Architecture/Wall_500x500.uasset" 940
"C:/Users/abhij/Documents/Unreal Projects/Dissertation/Content/StarterContent/Architecture/Wall_500x500.uexp" 941
"C:/Users/abhij/Documents/Unreal Projects/Dissertation/Content/StarterContent/Architecture/Wall_400x400.ubulk" 942
"C:/Users/abhij/Documents/Unreal Projects/Dissertation/Content/StarterContent/Architecture/Wall_400x400.uasset" 943
"C:/Users/abhij/Documents/Unreal Projects/Dissertation/Content/StarterContent/Architecture/Wall_400x400.uexp" 944
"C:/Users/abhij/Documents/Unreal Projects/Dissertation/Content/StarterContent/Architecture/Wall_400x300.ubulk" 945
"C:/Users/abhij/Documents/Unreal Projects/Dissertation/Content/StarterContent/Architecture/Wall_400x300.uasset" 946
"C:/Users/abhij/Documents/Unreal Projects/Dissertation/Content/StarterContent/Architecture/Wall_400x300.uexp" 947
"C:/Users/abhij/Documents/Unreal Projects/Dissertation/Content/StarterContent/Architecture/Pillar_50x500.ubulk" 948
"C:/Users/abhij/Documents/Unreal Projects/Dissertation/Content/StarterContent/Architecture/Pillar_50x500.uasset" 949
"C:/Users/abhij/Documents/Unreal Projects/Dissertation/Content/StarterContent/Architecture/Pillar_50x500.uexp" 950
"C:/Users/abhij/Documents/Unreal Projects/Dissertation/Content/LevelPrototyping/Textures/T_GridChecker_A.ubulk" 951
"C:/Users/abhij/Documents/Unreal Projects/Dissertation/Content/LevelPrototyping/Textures/T_GridChecker_A.uasset" 952
"C:/Users/abhij/Documents/Unreal Projects/Dissertation/Content/LevelPrototyping/Textures/T_GridChecker_A.uexp" 953
"C:/Users/abhij/Documents/Unreal Projects/Dissertation/Content/LevelPrototyping/Materials/MF_ProcGrid.uasset" 954
"C:/Users/abhij/Documents/Unreal Projects/Dissertation/Content/LevelPrototyping/Materials/MF_ProcGrid.uexp" 955
"C:/Users/abhij/Documents/Unreal Projects/Dissertation/Content/LevelPrototyping/Materials/M_PrototypeGrid.uasset" 956
"C:/Users/abhij/Documents/Unreal Projects/Dissertation/Content/LevelPrototyping/Materials/M_PrototypeGrid.uexp" 957
"C:/Users/abhij/Documents/Unreal Projects/Dissertation/Content/LevelPrototyping/Materials/MI_PrototypeGrid_Gray.uasset" 958
"C:/Users/abhij/Documents/Unreal Projects/Dissertation/Content/LevelPrototyping/Materials/MI_PrototypeGrid_Gray.uexp" 959
"C:/Users/abhij/Documents/Unreal Projects/Dissertation/Content/LevelPrototyping/Meshes/SM_Ramp.ubulk" 960
"C:/Users/abhij/Documents/Unreal Projects/Dissertation/Content/LevelPrototyping/Meshes/SM_Ramp.uasset" 961
"C:/Users/abhij/Documents/Unreal Projects/Dissertation/Content/LevelPrototyping/Meshes/SM_Ramp.uexp" 962
"C:/Users/abhij/Documents/Unreal Projects/Dissertation/Content/LevelPrototyping/Meshes/SM_QuarterCylinder.ubulk" 963
"C:/Users/abhij/Documents/Unreal Projects/Dissertation/Content/LevelPrototyping/Meshes/SM_QuarterCylinder.uasset" 964
"C:/Users/abhij/Documents/Unreal Projects/Dissertation/Content/LevelPrototyping/Meshes/SM_QuarterCylinder.uexp" 965
"C:/Users/abhij/Documents/Unreal Projects/Dissertation/Content/LevelPrototyping/Meshes/SM_Cylinder.ubulk" 966
"C:/Users/abhij/Documents/Unreal Projects/Dissertation/Content/LevelPrototyping/Meshes/SM_Cylinder.uasset" 967
"C:/Users/abhij/Documents/Unreal Projects/Dissertation/Content/LevelPrototyping/Meshes/SM_Cylinder.uexp" 968
"C:/Users/abhij/Documents/Unreal Projects/Dissertation/Content/LevelPrototyping/Meshes/SM_Cube.ubulk" 969
"C:/Users/abhij/Documents/Unreal Projects/Dissertation/Content/LevelPrototyping/Meshes/SM_Cube.uasset" 970
"C:/Users/abhij/Documents/Unreal Projects/Dissertation/Content/LevelPrototyping/Meshes/SM_Cube.uexp" 971
"C:/Users/abhij/Documents/Unreal Projects/Dissertation/Content/LevelPrototyping/Materials/M_Solid.uasset" 972
"C:/Users/abhij/Documents/Unreal Projects/Dissertation/Content/LevelPrototyping/Materials/M_Solid.uexp" 973
"C:/Users/abhij/Documents/Unreal Projects/Dissertation/Content/LevelPrototyping/Materials/MI_Solid_Blue.uasset" 974
"C:/Users/abhij/Documents/Unreal Projects/Dissertation/Content/LevelPrototyping/Materials/MI_Solid_Blue.uexp" 975
"C:/Users/abhij/Documents/Unreal Projects/Dissertation/Content/LevelPrototyping/Meshes/SM_ChamferCube.ubulk" 976
"C:/Users/abhij/Documents/Unreal Projects/Dissertation/Content/LevelPrototyping/Meshes/SM_ChamferCube.uasset" 977
"C:/Users/abhij/Documents/Unreal Projects/Dissertation/Content/LevelPrototyping/Meshes/SM_ChamferCube.uexp" 978
"C:/Users/abhij/Documents/Unreal Projects/Dissertation/Content/LevelPrototyping/Materials/MI_PrototypeGrid_TopDark.uasset" 979
"C:/Users/abhij/Documents/Unreal Projects/Dissertation/Content/LevelPrototyping/Materials/MI_PrototypeGrid_TopDark.uexp" 980
"C:/Users/abhij/Documents/Unreal Projects/Dissertation/Content/LevelPrototyping/Materials/MI_PrototypeGrid_Gray_02.uasset" 981
"C:/Users/abhij/Documents/Unreal Projects/Dissertation/Content/LevelPrototyping/Materials/MI_PrototypeGrid_Gray_02.uexp" 982
"../../../Engine/Plugins/Interchange/Runtime/Content/gltf/MaterialFunctions/MF_RotateV2.uasset" 983
"../../../Engine/Plugins/Interchange/Runtime/Content/gltf/MaterialFunctions/MF_RotateV2.uexp" 984
"../../../Engine/Plugins/Interchange/Runtime/Content/gltf/MaterialFunctions/MF_TransformUVs.uasset" 985
"../../../Engine/Plugins/Interchange/Runtime/Content/gltf/MaterialFunctions/MF_TransformUVs.uexp" 986
"../../../Engine/Plugins/Interchange/Runtime/Content/gltf/Textures/T_White_srgb.uasset" 987
"../../../Engine/Plugins/Interchange/Runtime/Content/gltf/Textures/T_White_srgb.uexp" 988
"../../../Engine/Plugins/Interchange/Runtime/Content/gltf/MaterialFunctions/MF_BaseColor.uasset" 989
"../../../Engine/Plugins/Interchange/Runtime/Content/gltf/MaterialFunctions/MF_BaseColor.uexp" 990
"../../../Engine/Plugins/Interchange/Runtime/Content/gltf/MaterialBodies/MF_Unlit_Body.uasset" 991
"../../../Engine/Plugins/Interchange/Runtime/Content/gltf/MaterialBodies/MF_Unlit_Body.uexp" 992
"../../../Engine/Plugins/Interchange/Runtime/Content/gltf/M_Unlit.uasset" 993
"../../../Engine/Plugins/Interchange/Runtime/Content/gltf/M_Unlit.uexp" 994
"../../../Engine/Plugins/Interchange/Runtime/Content/gltf/MaterialInstances/MI_Unlit_Opaque_DS.uasset" 995
"../../../Engine/Plugins/Interchange/Runtime/Content/gltf/MaterialInstances/MI_Unlit_Opaque_DS.uexp" 996
"../../../Engine/Plugins/Interchange/Runtime/Content/gltf/MaterialInstances/MI_Unlit_Opaque.uasset" 997
"../../../Engine/Plugins/Interchange/Runtime/Content/gltf/MaterialInstances/MI_Unlit_Opaque.uexp" 998
"../../../Engine/Plugins/Interchange/Runtime/Content/gltf/MaterialInstances/MI_Unlit_Mask_DS.uasset" 999
"../../../Engine/Plugins/Interchange/Runtime/Content/gltf/MaterialInstances/MI_Unlit_Mask_DS.uexp" 1000
"../../../Engine/Plugins/Interchange/Runtime/Content/gltf/MaterialInstances/MI_Unlit_Mask.uasset" 1001
"../../../Engine/Plugins/Interchange/Runtime/Content/gltf/MaterialInstances/MI_Unlit_Mask.uexp" 1002
"../../../Engine/Plugins/Interchange/Runtime/Content/gltf/MaterialInstances/MI_Unlit_Blend_DS.uasset" 1003
"../../../Engine/Plugins/Interchange/Runtime/Content/gltf/MaterialInstances/MI_Unlit_Blend_DS.uexp" 1004
"../../../Engine/Plugins/Interchange/Runtime/Content/gltf/MaterialInstances/MI_Unlit_Blend.uasset" 1005
"../../../Engine/Plugins/Interchange/Runtime/Content/gltf/MaterialInstances/MI_Unlit_Blend.uexp" 1006
"../../../Engine/Plugins/Interchange/Runtime/Content/gltf/MaterialFunctions/MF_Iridescence.uasset" 1007
"../../../Engine/Plugins/Interchange/Runtime/Content/gltf/MaterialFunctions/MF_Iridescence.uexp" 1008
"../../../Engine/Plugins/Interchange/Runtime/Content/gltf/Textures/T_White_Linear.uasset" 1009
"../../../Engine/Plugins/Interchange/Runtime/Content/gltf/Textures/T_White_Linear.uexp" 1010
"../../../Engine/Plugins/Interchange/Runtime/Content/gltf/MaterialFunctions/MF_MetallicRoughness.uasset" 1011
"../../../Engine/Plugins/Interchange/Runtime/Content/gltf/MaterialFunctions/MF_MetallicRoughness.uexp" 1012
"../../../Engine/Plugins/Interchange/Runtime/Content/gltf/MaterialFunctions/MF_Transmission.uasset" 1013
"../../../Engine/Plugins/Interchange/Runtime/Content/gltf/MaterialFunctions/MF_Transmission.uexp" 1014
"../../../Engine/Plugins/Interchange/Runtime/Content/gltf/MaterialFunctions/MF_Occlusion.uasset" 1015
"../../../Engine/Plugins/Interchange/Runtime/Content/gltf/MaterialFunctions/MF_Occlusion.uexp" 1016
"../../../Engine/Plugins/Interchange/Runtime/Content/gltf/MaterialFunctions/MF_Specular.uasset" 1017
"../../../Engine/Plugins/Interchange/Runtime/Content/gltf/MaterialFunctions/MF_Specular.uexp" 1018
"../../../Engine/Plugins/Interchange/Runtime/Content/gltf/MaterialFunctions/MF_IOR.uasset" 1019
"../../../Engine/Plugins/Interchange/Runtime/Content/gltf/MaterialFunctions/MF_IOR.uexp" 1020
"../../../Engine/Plugins/Interchange/Runtime/Content/gltf/MaterialFunctions/MF_RotateNormals_TS.uasset" 1021
"../../../Engine/Plugins/Interchange/Runtime/Content/gltf/MaterialFunctions/MF_RotateNormals_TS.uexp" 1022
"../../../Engine/Plugins/Interchange/Runtime/Content/gltf/Textures/T_Generic_N.uasset" 1023
"../../../Engine/Plugins/Interchange/Runtime/Content/gltf/Textures/T_Generic_N.uexp" 1024
"../../../Engine/Plugins/Interchange/Runtime/Content/gltf/MaterialFunctions/MF_Normals.uasset" 1025
"../../../Engine/Plugins/Interchange/Runtime/Content/gltf/MaterialFunctions/MF_Normals.uexp" 1026
"../../../Engine/Plugins/Interchange/Runtime/Content/gltf/MaterialBodies/MF_Transmission_Body.uasset" 1027
"../../../Engine/Plugins/Interchange/Runtime/Content/gltf/MaterialBodies/MF_Transmission_Body.uexp" 1028
"../../../Engine/Plugins/Interchange/Runtime/Content/gltf/M_Transmission.uasset" 1029
"../../../Engine/Plugins/Interchange/Runtime/Content/gltf/M_Transmission.uexp" 1030
"../../../Engine/Plugins/Interchange/Runtime/Content/gltf/MaterialInstances/MI_Transmission_DS.uasset" 1031
"../../../Engine/Plugins/Interchange/Runtime/Content/gltf/MaterialInstances/MI_Transmission_DS.uexp" 1032
"../../../Engine/Plugins/Interchange/Runtime/Content/gltf/MaterialInstances/MI_Transmission.uasset" 1033
"../../../Engine/Plugins/Interchange/Runtime/Content/gltf/MaterialInstances/MI_Transmission.uexp" 1034
"../../../Engine/Plugins/Interchange/Runtime/Content/gltf/MaterialFunctions/MF_DiffuseSpecGloss.uasset" 1035
"../../../Engine/Plugins/Interchange/Runtime/Content/gltf/MaterialFunctions/MF_DiffuseSpecGloss.uexp" 1036
"../../../Engine/Content/Functions/Engine_MaterialFunctions02/Math/AddComponents.uasset" 1037
"../../../Engine/Content/Functions/Engine_MaterialFunctions02/Math/AddComponents.uexp" 1038
"../../../Engine/Plugins/Interchange/Runtime/Content/gltf/MaterialFunctions/MF_PerceivedBrightness.uasset" 1039
"../../../Engine/Plugins/Interchange/Runtime/Content/gltf/MaterialFunctions/MF_PerceivedBrightness.uexp" 1040
"../../../Engine/Plugins/Interchange/Runtime/Content/gltf/MaterialFunctions/MF_Emissive.uasset" 1041
"../../../Engine/Plugins/Interchange/Runtime/Content/gltf/MaterialFunctions/MF_Emissive.uexp" 1042
"../../../Engine/Plugins/Interchange/Runtime/Content/gltf/MaterialFunctions/MF_SpecGlossToMetalRoughness.uasset" 1043
"../../../Engine/Plugins/Interchange/Runtime/Content/gltf/MaterialFunctions/MF_SpecGlossToMetalRoughness.uexp" 1044
"../../../Engine/Plugins/Interchange/Runtime/Content/gltf/MaterialBodies/MF_SpecularGlossiness_Body.uasset" 1045
"../../../Engine/Plugins/Interchange/Runtime/Content/gltf/MaterialBodies/MF_SpecularGlossiness_Body.uexp" 1046
"../../../Engine/Plugins/Interchange/Runtime/Content/gltf/M_SpecularGlossiness.uasset" 1047
"../../../Engine/Plugins/Interchange/Runtime/Content/gltf/M_SpecularGlossiness.uexp" 1048
"../../../Engine/Plugins/Interchange/Runtime/Content/gltf/MaterialInstances/MI_SpecularGlossiness_Opaque_DS.uasset" 1049
"../../../Engine/Plugins/Interchange/Runtime/Content/gltf/MaterialInstances/MI_SpecularGlossiness_Opaque_DS.uexp" 1050
"../../../Engine/Plugins/Interchange/Runtime/Content/gltf/MaterialInstances/MI_SpecularGlossiness_Opaque.uasset" 1051
"../../../Engine/Plugins/Interchange/Runtime/Content/gltf/MaterialInstances/MI_SpecularGlossiness_Opaque.uexp" 1052
"../../../Engine/Plugins/Interchange/Runtime/Content/gltf/MaterialInstances/MI_SpecularGlossiness_Mask_DS.uasset" 1053
"../../../Engine/Plugins/Interchange/Runtime/Content/gltf/MaterialInstances/MI_SpecularGlossiness_Mask_DS.uexp" 1054
"../../../Engine/Plugins/Interchange/Runtime/Content/gltf/MaterialInstances/MI_SpecularGlossiness_Mask.uasset" 1055
"../../../Engine/Plugins/Interchange/Runtime/Content/gltf/MaterialInstances/MI_SpecularGlossiness_Mask.uexp" 1056
"../../../Engine/Plugins/Interchange/Runtime/Content/gltf/MaterialInstances/MI_SpecularGlossiness_Blend_DS.uasset" 1057
"../../../Engine/Plugins/Interchange/Runtime/Content/gltf/MaterialInstances/MI_SpecularGlossiness_Blend_DS.uexp" 1058
"../../../Engine/Plugins/Interchange/Runtime/Content/gltf/MaterialInstances/MI_SpecularGlossiness_Blend.uasset" 1059
"../../../Engine/Plugins/Interchange/Runtime/Content/gltf/MaterialInstances/MI_SpecularGlossiness_Blend.uexp" 1060
"../../../Engine/Plugins/Interchange/Runtime/Content/gltf/MaterialFunctions/MF_Sheen.uasset" 1061
"../../../Engine/Plugins/Interchange/Runtime/Content/gltf/MaterialFunctions/MF_Sheen.uexp" 1062
"../../../Engine/Plugins/Interchange/Runtime/Content/gltf/MaterialBodies/MF_Sheen_Body.uasset" 1063
"../../../Engine/Plugins/Interchange/Runtime/Content/gltf/MaterialBodies/MF_Sheen_Body.uexp" 1064
"../../../Engine/Plugins/Interchange/Runtime/Content/gltf/M_Sheen.uasset" 1065
"../../../Engine/Plugins/Interchange/Runtime/Content/gltf/M_Sheen.uexp" 1066
"../../../Engine/Plugins/Interchange/Runtime/Content/gltf/MaterialInstances/MI_Sheen_Opaque_DS.uasset" 1067
"../../../Engine/Plugins/Interchange/Runtime/Content/gltf/MaterialInstances/MI_Sheen_Opaque_DS.uexp" 1068
"../../../Engine/Plugins/Interchange/Runtime/Content/gltf/MaterialInstances/MI_Sheen_Opaque.uasset" 1069
"../../../Engine/Plugins/Interchange/Runtime/Content/gltf/MaterialInstances/MI_Sheen_Opaque.uexp" 1070
"../../../Engine/Plugins/Interchange/Runtime/Content/gltf/MaterialInstances/MI_Sheen_Mask_DS.uasset" 1071
"../../../Engine/Plugins/Interchange/Runtime/Content/gltf/MaterialInstances/MI_Sheen_Mask_DS.uexp" 1072
"../../../Engine/Plugins/Interchange/Runtime/Content/gltf/MaterialInstances/MI_Sheen_Mask.uasset" 1073
"../../../Engine/Plugins/Interchange/Runtime/Content/gltf/MaterialInstances/MI_Sheen_Mask.uexp" 1074
"../../../Engine/Plugins/Interchange/Runtime/Content/gltf/MaterialInstances/MI_Sheen_Blend_DS.uasset" 1075
"../../../Engine/Plugins/Interchange/Runtime/Content/gltf/MaterialInstances/MI_Sheen_Blend_DS.uexp" 1076
"../../../Engine/Plugins/Interchange/Runtime/Content/gltf/MaterialInstances/MI_Sheen_Blend.uasset" 1077
"../../../Engine/Plugins/Interchange/Runtime/Content/gltf/MaterialInstances/MI_Sheen_Blend.uexp" 1078
"../../../Engine/Plugins/Interchange/Runtime/Content/gltf/MaterialBodies/MF_Default_Body.uasset" 1079
"../../../Engine/Plugins/Interchange/Runtime/Content/gltf/MaterialBodies/MF_Default_Body.uexp" 1080
"../../../Engine/Plugins/Interchange/Runtime/Content/gltf/M_Default.uasset" 1081
"../../../Engine/Plugins/Interchange/Runtime/Content/gltf/M_Default.uexp" 1082
"../../../Engine/Plugins/Interchange/Runtime/Content/gltf/MaterialInstances/MI_Default_Opaque_DS.uasset" 1083
"../../../Engine/Plugins/Interchange/Runtime/Content/gltf/MaterialInstances/MI_Default_Opaque_DS.uexp" 1084
"../../../Engine/Plugins/Interchange/Runtime/Content/gltf/MaterialInstances/MI_Default_Opaque.uasset" 1085
"../../../Engine/Plugins/Interchange/Runtime/Content/gltf/MaterialInstances/MI_Default_Opaque.uexp" 1086
"../../../Engine/Plugins/Interchange/Runtime/Content/gltf/MaterialInstances/MI_Default_Mask_DS.uasset" 1087
"../../../Engine/Plugins/Interchange/Runtime/Content/gltf/MaterialInstances/MI_Default_Mask_DS.uexp" 1088
"../../../Engine/Plugins/Interchange/Runtime/Content/gltf/MaterialInstances/MI_Default_Mask.uasset" 1089
"../../../Engine/Plugins/Interchange/Runtime/Content/gltf/MaterialInstances/MI_Default_Mask.uexp" 1090
"../../../Engine/Plugins/Interchange/Runtime/Content/gltf/MaterialInstances/MI_Default_Blend_DS.uasset" 1091
"../../../Engine/Plugins/Interchange/Runtime/Content/gltf/MaterialInstances/MI_Default_Blend_DS.uexp" 1092
"../../../Engine/Plugins/Interchange/Runtime/Content/gltf/MaterialInstances/MI_Default_Blend.uasset" 1093
"../../../Engine/Plugins/Interchange/Runtime/Content/gltf/MaterialInstances/MI_Default_Blend.uexp" 1094
"../../../Engine/Content/Functions/Engine_MaterialFunctions01/Texturing/FlattenNormal.uasset" 1095
"../../../Engine/Content/Functions/Engine_MaterialFunctions01/Texturing/FlattenNormal.uexp" 1096
"../../../Engine/Plugins/Interchange/Runtime/Content/gltf/MaterialFunctions/MF_Clearcoat.uasset" 1097
"../../../Engine/Plugins/Interchange/Runtime/Content/gltf/MaterialFunctions/MF_Clearcoat.uexp" 1098
"../../../Engine/Plugins/Interchange/Runtime/Content/gltf/MaterialBodies/MF_ClearCoat_Body.uasset" 1099
"../../../Engine/Plugins/Interchange/Runtime/Content/gltf/MaterialBodies/MF_ClearCoat_Body.uexp" 1100
"../../../Engine/Plugins/Interchange/Runtime/Content/gltf/M_ClearCoat.uasset" 1101
"../../../Engine/Plugins/Interchange/Runtime/Content/gltf/M_ClearCoat.uexp" 1102
"../../../Engine/Plugins/Interchange/Runtime/Content/gltf/MaterialInstances/MI_ClearCoat_Opaque_DS.uasset" 1103
"../../../Engine/Plugins/Interchange/Runtime/Content/gltf/MaterialInstances/MI_ClearCoat_Opaque_DS.uexp" 1104
"../../../Engine/Plugins/Interchange/Runtime/Content/gltf/MaterialInstances/MI_ClearCoat_Opaque.uasset" 1105
"../../../Engine/Plugins/Interchange/Runtime/Content/gltf/MaterialInstances/MI_ClearCoat_Opaque.uexp" 1106
"../../../Engine/Plugins/Interchange/Runtime/Content/gltf/MaterialInstances/MI_ClearCoat_Mask_DS.uasset" 1107
"../../../Engine/Plugins/Interchange/Runtime/Content/gltf/MaterialInstances/MI_ClearCoat_Mask_DS.uexp" 1108
"../../../Engine/Plugins/Interchange/Runtime/Content/gltf/MaterialInstances/MI_ClearCoat_Mask.uasset" 1109
"../../../Engine/Plugins/Interchange/Runtime/Content/gltf/MaterialInstances/MI_ClearCoat_Mask.uexp" 1110
"../../../Engine/Plugins/Interchange/Runtime/Content/gltf/MaterialInstances/MI_ClearCoat_Blend_DS.uasset" 1111
"../../../Engine/Plugins/Interchange/Runtime/Content/gltf/MaterialInstances/MI_ClearCoat_Blend_DS.uexp" 1112
"../../../Engine/Plugins/Interchange/Runtime/Content/gltf/MaterialInstances/MI_ClearCoat_Blend.uasset" 1113
"../../../Engine/Plugins/Interchange/Runtime/Content/gltf/MaterialInstances/MI_ClearCoat_Blend.uexp" 1114
"../../../Engine/Content/MobileResources/HUD/VirtualJoystick_Background.uasset" 1115
"../../../Engine/Content/MobileResources/HUD/VirtualJoystick_Background.uexp" 1116
"../../../Engine/Content/MobileResources/HUD/VirtualJoystick_Thumb.uasset" 1117
"../../../Engine/Content/MobileResources/HUD/VirtualJoystick_Thumb.uexp" 1118
"../../../Engine/Content/MobileResources/HUD/DefaultVirtualJoysticks.uasset" 1119
"../../../Engine/Content/MobileResources/HUD/DefaultVirtualJoysticks.uexp" 1120
"../../../Engine/Content/EngineSky/VolumetricClouds/CloudWeatherTexture.uasset" 1121
"../../../Engine/Content/EngineSky/VolumetricClouds/CloudWeatherTexture.uexp" 1122
"../../../Engine/Content/EngineSky/VolumetricClouds/CloudGradientTexture.uasset" 1123
"../../../Engine/Content/EngineSky/VolumetricClouds/CloudGradientTexture.uexp" 1124
"../../../Engine/Content/EngineSky/VolumetricClouds/T_NoiseShape64.ubulk" 1125
"../../../Engine/Content/EngineSky/VolumetricClouds/T_NoiseShape64.uasset" 1126
"../../../Engine/Content/EngineSky/VolumetricClouds/T_NoiseShape64.uexp" 1127
"../../../Engine/Content/EngineSky/VolumetricClouds/T_VolumeNoiseShape64.uasset" 1128
"../../../Engine/Content/EngineSky/VolumetricClouds/T_VolumeNoiseShape64.uexp" 1129
"../../../Engine/Content/EngineSky/VolumetricClouds/T_NoiseErosion.ubulk" 1130
"../../../Engine/Content/EngineSky/VolumetricClouds/T_NoiseErosion.uasset" 1131
"../../../Engine/Content/EngineSky/VolumetricClouds/T_NoiseErosion.uexp" 1132
"../../../Engine/Content/EngineSky/VolumetricClouds/T_VolumeNoiseErosion32.uasset" 1133
"../../../Engine/Content/EngineSky/VolumetricClouds/T_VolumeNoiseErosion32.uexp" 1134
"../../../Engine/Content/EngineSky/VolumetricClouds/m_SimpleVolumetricCloud.uasset" 1135
"../../../Engine/Content/EngineSky/VolumetricClouds/m_SimpleVolumetricCloud.uexp" 1136
"../../../Engine/Content/EngineSky/VolumetricClouds/m_SimpleVolumetricCloud_Inst.uasset" 1137
"../../../Engine/Content/EngineSky/VolumetricClouds/m_SimpleVolumetricCloud_Inst.uexp" 1138
"../../../Engine/Content/EngineResources/FilmGrains/Marcie_Grain_v3_128_M2_000.uasset" 1139
"../../../Engine/Content/EngineResources/FilmGrains/Marcie_Grain_v3_128_M2_000.uexp" 1140
"../../../Engine/Content/EditorResources/SequenceRecorder/RecordingIndicator.uasset" 1141
"../../../Engine/Content/EditorResources/SequenceRecorder/RecordingIndicator.uexp" 1142
"../../../Engine/Content/EditorResources/SequenceRecorder/Countdown.uasset" 1143
"../../../Engine/Content/EditorResources/SequenceRecorder/Countdown.uexp" 1144
"../../../Engine/Content/EditorMaterials/Dataflow/DataflowVertexMaterial.uasset" 1145
"../../../Engine/Content/EditorMaterials/Dataflow/DataflowVertexMaterial.uexp" 1146
"C:/Users/abhij/Documents/Unreal Projects/Dissertation/Content/Characters/Mannequin_UE4/Rigs/RTG_UE5Manny_UE4Manny.uasset" 1147
"C:/Users/abhij/Documents/Unreal Projects/Dissertation/Content/Characters/Mannequin_UE4/Rigs/RTG_UE5Manny_UE4Manny.uexp" 1148
"C:/Users/abhij/Documents/Unreal Projects/Dissertation/Content/Characters/Mannequin_UE4/Rigs/RTG_UE4Manny_UE5Manny.uasset" 1149
"C:/Users/abhij/Documents/Unreal Projects/Dissertation/Content/Characters/Mannequin_UE4/Rigs/RTG_UE4Manny_UE5Manny.uexp" 1150
"C:/Users/abhij/Documents/Unreal Projects/Dissertation/Content/Characters/Mannequin_UE4/Rigs/IK_UE4_Mannequin.uasset" 1151
"C:/Users/abhij/Documents/Unreal Projects/Dissertation/Content/Characters/Mannequin_UE4/Rigs/IK_UE4_Mannequin.uexp" 1152
"../../../Engine/Content/Animation/DefaultAnimCurveCompressionSettings.uasset" 1153
"../../../Engine/Content/Animation/DefaultAnimCurveCompressionSettings.uexp" 1154
"../../../Engine/Content/Animation/DefaultAnimBoneCompressionSettings.uasset" 1155
"../../../Engine/Content/Animation/DefaultAnimBoneCompressionSettings.uexp" 1156
"C:/Users/abhij/Documents/Unreal Projects/Dissertation/Content/Characters/Mannequin_UE4/Meshes/SK_Mannequin_Skeleton.uasset" 1157
"C:/Users/abhij/Documents/Unreal Projects/Dissertation/Content/Characters/Mannequin_UE4/Meshes/SK_Mannequin_Skeleton.uexp" 1158
"C:/Users/abhij/Documents/Unreal Projects/Dissertation/Content/Characters/Mannequin_UE4/Animations/Jog_Fwd.uasset" 1159
"C:/Users/abhij/Documents/Unreal Projects/Dissertation/Content/Characters/Mannequin_UE4/Animations/Jog_Fwd.uexp" 1160
"C:/Users/abhij/Documents/Unreal Projects/Dissertation/Content/Characters/Mannequins/Rigs/RTG_Mannequin.uasset" 1161
"C:/Users/abhij/Documents/Unreal Projects/Dissertation/Content/Characters/Mannequins/Rigs/RTG_Mannequin.uexp" 1162
"C:/Users/abhij/Documents/Unreal Projects/Dissertation/Content/Characters/Mannequins/Rigs/IK_Mannequin.uasset" 1163
"C:/Users/abhij/Documents/Unreal Projects/Dissertation/Content/Characters/Mannequins/Rigs/IK_Mannequin.uexp" 1164
"../../../Engine/Plugins/Animation/ControlRig/Content/Controls/DefaultGizmoLibraryNormalized.uasset" 1165
"../../../Engine/Plugins/Animation/ControlRig/Content/Controls/DefaultGizmoLibraryNormalized.uexp" 1166
"C:/Users/abhij/Documents/Unreal Projects/Dissertation/Content/Characters/Mannequins/Rigs/CR_Mannequin_Body.uasset" 1167
"C:/Users/abhij/Documents/Unreal Projects/Dissertation/Content/Characters/Mannequins/Rigs/CR_Mannequin_Body.uexp" 1168
"C:/Users/abhij/Documents/Unreal Projects/Dissertation/Content/Characters/Mannequins/Meshes/SK_Mannequin.uasset" 1169
"C:/Users/abhij/Documents/Unreal Projects/Dissertation/Content/Characters/Mannequins/Meshes/SK_Mannequin.uexp" 1170
"C:/Users/abhij/Documents/Unreal Projects/Dissertation/Content/Characters/Mannequins/Textures/Quinn/T_Quinn_02ID_MSR_MSK.ubulk" 1171
"C:/Users/abhij/Documents/Unreal Projects/Dissertation/Content/Characters/Mannequins/Textures/Quinn/T_Quinn_02ID_MSR_MSK.uasset" 1172
"C:/Users/abhij/Documents/Unreal Projects/Dissertation/Content/Characters/Mannequins/Textures/Quinn/T_Quinn_02ID_MSR_MSK.uexp" 1173
"C:/Users/abhij/Documents/Unreal Projects/Dissertation/Content/Characters/Mannequins/Textures/Quinn/T_Quinn_02ID_BN.ubulk" 1174
"C:/Users/abhij/Documents/Unreal Projects/Dissertation/Content/Characters/Mannequins/Textures/Quinn/T_Quinn_02ID_BN.uasset" 1175
"C:/Users/abhij/Documents/Unreal Projects/Dissertation/Content/Characters/Mannequins/Textures/Quinn/T_Quinn_02ID_BN.uexp" 1176
"C:/Users/abhij/Documents/Unreal Projects/Dissertation/Content/Characters/Mannequins/Textures/Quinn/T_Quinn_02_ASAOMASK_MSK.ubulk" 1177
"C:/Users/abhij/Documents/Unreal Projects/Dissertation/Content/Characters/Mannequins/Textures/Quinn/T_Quinn_02_ASAOMASK_MSK.uasset" 1178
"C:/Users/abhij/Documents/Unreal Projects/Dissertation/Content/Characters/Mannequins/Textures/Quinn/T_Quinn_02_ASAOMASK_MSK.uexp" 1179
"C:/Users/abhij/Documents/Unreal Projects/Dissertation/Content/Characters/Mannequins/Textures/Quinn/T_Quinn_02_CCRCCPlastic_MSK.ubulk" 1180
"C:/Users/abhij/Documents/Unreal Projects/Dissertation/Content/Characters/Mannequins/Textures/Quinn/T_Quinn_02_CCRCCPlastic_MSK.uasset" 1181
"C:/Users/abhij/Documents/Unreal Projects/Dissertation/Content/Characters/Mannequins/Textures/Quinn/T_Quinn_02_CCRCCPlastic_MSK.uexp" 1182
"C:/Users/abhij/Documents/Unreal Projects/Dissertation/Content/Characters/Mannequins/Textures/Quinn/T_Quinn_02ID_Tan.ubulk" 1183
"C:/Users/abhij/Documents/Unreal Projects/Dissertation/Content/Characters/Mannequins/Textures/Quinn/T_Quinn_02ID_Tan.uasset" 1184
"C:/Users/abhij/Documents/Unreal Projects/Dissertation/Content/Characters/Mannequins/Textures/Quinn/T_Quinn_02ID_Tan.uexp" 1185
"C:/Users/abhij/Documents/Unreal Projects/Dissertation/Content/Characters/Mannequins/Textures/Quinn/T_Quinn_02ID_D.ubulk" 1186
"C:/Users/abhij/Documents/Unreal Projects/Dissertation/Content/Characters/Mannequins/Textures/Quinn/T_Quinn_02ID_D.uasset" 1187
"C:/Users/abhij/Documents/Unreal Projects/Dissertation/Content/Characters/Mannequins/Textures/Quinn/T_Quinn_02ID_D.uexp" 1188
"C:/Users/abhij/Documents/Unreal Projects/Dissertation/Content/Characters/Mannequins/Textures/Quinn/T_Quinn_01ID_MSR_MSK.ubulk" 1189
"C:/Users/abhij/Documents/Unreal Projects/Dissertation/Content/Characters/Mannequins/Textures/Quinn/T_Quinn_01ID_MSR_MSK.uasset" 1190
"C:/Users/abhij/Documents/Unreal Projects/Dissertation/Content/Characters/Mannequins/Textures/Quinn/T_Quinn_01ID_MSR_MSK.uexp" 1191
"C:/Users/abhij/Documents/Unreal Projects/Dissertation/Content/Characters/Mannequins/Materials/Functions/ChromaticCurve.uasset" 1192
"C:/Users/abhij/Documents/Unreal Projects/Dissertation/Content/Characters/Mannequins/Materials/Functions/ChromaticCurve.uexp" 1193
"C:/Users/abhij/Documents/Unreal Projects/Dissertation/Content/Characters/Mannequins/Materials/Functions/CA_Mannequin.uasset" 1194
"C:/Users/abhij/Documents/Unreal Projects/Dissertation/Content/Characters/Mannequins/Materials/Functions/CA_Mannequin.uexp" 1195
"C:/Users/abhij/Documents/Unreal Projects/Dissertation/Content/Characters/Mannequins/Materials/Functions/MF_Diffraction.uasset" 1196
"C:/Users/abhij/Documents/Unreal Projects/Dissertation/Content/Characters/Mannequins/Materials/Functions/MF_Diffraction.uexp" 1197
"C:/Users/abhij/Documents/Unreal Projects/Dissertation/Content/Characters/Mannequins/Textures/Manny/T_Manny_01_N.ubulk" 1198
"C:/Users/abhij/Documents/Unreal Projects/Dissertation/Content/Characters/Mannequins/Textures/Manny/T_Manny_01_N.uasset" 1199
"C:/Users/abhij/Documents/Unreal Projects/Dissertation/Content/Characters/Mannequins/Textures/Manny/T_Manny_01_N.uexp" 1200
"C:/Users/abhij/Documents/Unreal Projects/Dissertation/Content/Characters/Mannequins/Materials/Functions/ML_BaseColorFallOff.uasset" 1201
"C:/Users/abhij/Documents/Unreal Projects/Dissertation/Content/Characters/Mannequins/Materials/Functions/ML_BaseColorFallOff.uexp" 1202
"../../../Engine/Content/Functions/Engine_MaterialFunctions01/Texturing/ScaleUVsByCenter.uasset" 1203
"../../../Engine/Content/Functions/Engine_MaterialFunctions01/Texturing/ScaleUVsByCenter.uexp" 1204
"C:/Users/abhij/Documents/Unreal Projects/Dissertation/Content/Characters/Mannequins/Textures/Shared/T_UE_Logo_M.uasset" 1205
"C:/Users/abhij/Documents/Unreal Projects/Dissertation/Content/Characters/Mannequins/Textures/Shared/T_UE_Logo_M.uexp" 1206
"C:/Users/abhij/Documents/Unreal Projects/Dissertation/Content/Characters/Mannequins/Materials/Functions/MF_logo3layers.uasset" 1207
"C:/Users/abhij/Documents/Unreal Projects/Dissertation/Content/Characters/Mannequins/Materials/Functions/MF_logo3layers.uexp" 1208
"C:/Users/abhij/Documents/Unreal Projects/Dissertation/Content/Characters/Mannequins/Textures/Manny/T_Manny_01_CCRCCPlastic_MSK.ubulk" 1209
"C:/Users/abhij/Documents/Unreal Projects/Dissertation/Content/Characters/Mannequins/Textures/Manny/T_Manny_01_CCRCCPlastic_MSK.uasset" 1210
"C:/Users/abhij/Documents/Unreal Projects/Dissertation/Content/Characters/Mannequins/Textures/Manny/T_Manny_01_CCRCCPlastic_MSK.uexp" 1211
"C:/Users/abhij/Documents/Unreal Projects/Dissertation/Content/Characters/Mannequins/Textures/Manny/T_Manny_01_ASAOPMASK_MSK.ubulk" 1212
"C:/Users/abhij/Documents/Unreal Projects/Dissertation/Content/Characters/Mannequins/Textures/Manny/T_Manny_01_ASAOPMASK_MSK.uasset" 1213
"C:/Users/abhij/Documents/Unreal Projects/Dissertation/Content/Characters/Mannequins/Textures/Manny/T_Manny_01_ASAOPMASK_MSK.uexp" 1214
"C:/Users/abhij/Documents/Unreal Projects/Dissertation/Content/Characters/Mannequins/Textures/Manny/T_Manny_01_MSR_MSK.ubulk" 1215
"C:/Users/abhij/Documents/Unreal Projects/Dissertation/Content/Characters/Mannequins/Textures/Manny/T_Manny_01_MSR_MSK.uasset" 1216
"C:/Users/abhij/Documents/Unreal Projects/Dissertation/Content/Characters/Mannequins/Textures/Manny/T_Manny_01_MSR_MSK.uexp" 1217
"C:/Users/abhij/Documents/Unreal Projects/Dissertation/Content/Characters/Mannequins/Textures/Manny/T_Manny_01_BN.ubulk" 1218
"C:/Users/abhij/Documents/Unreal Projects/Dissertation/Content/Characters/Mannequins/Textures/Manny/T_Manny_01_BN.uasset" 1219
"C:/Users/abhij/Documents/Unreal Projects/Dissertation/Content/Characters/Mannequins/Textures/Manny/T_Manny_01_BN.uexp" 1220
"C:/Users/abhij/Documents/Unreal Projects/Dissertation/Content/Characters/Mannequins/Textures/Manny/T_Manny_01_D.ubulk" 1221
"C:/Users/abhij/Documents/Unreal Projects/Dissertation/Content/Characters/Mannequins/Textures/Manny/T_Manny_01_D.uasset" 1222
"C:/Users/abhij/Documents/Unreal Projects/Dissertation/Content/Characters/Mannequins/Textures/Manny/T_Manny_01_D.uexp" 1223
"C:/Users/abhij/Documents/Unreal Projects/Dissertation/Content/Characters/Mannequins/Textures/Manny/T_Manny_01_Tan.ubulk" 1224
"C:/Users/abhij/Documents/Unreal Projects/Dissertation/Content/Characters/Mannequins/Textures/Manny/T_Manny_01_Tan.uasset" 1225
"C:/Users/abhij/Documents/Unreal Projects/Dissertation/Content/Characters/Mannequins/Textures/Manny/T_Manny_01_Tan.uexp" 1226
"C:/Users/abhij/Documents/Unreal Projects/Dissertation/Content/Characters/Mannequins/Materials/M_Mannequin.uasset" 1227
"C:/Users/abhij/Documents/Unreal Projects/Dissertation/Content/Characters/Mannequins/Materials/M_Mannequin.uexp" 1228
"C:/Users/abhij/Documents/Unreal Projects/Dissertation/Content/Characters/Mannequins/Textures/Quinn/T_Quinn_01_ASAOMASK_MSK.ubulk" 1229
"C:/Users/abhij/Documents/Unreal Projects/Dissertation/Content/Characters/Mannequins/Textures/Quinn/T_Quinn_01_ASAOMASK_MSK.uasset" 1230
"C:/Users/abhij/Documents/Unreal Projects/Dissertation/Content/Characters/Mannequins/Textures/Quinn/T_Quinn_01_ASAOMASK_MSK.uexp" 1231
"C:/Users/abhij/Documents/Unreal Projects/Dissertation/Content/Characters/Mannequins/Textures/Quinn/T_Quinn_01ID_N.ubulk" 1232
"C:/Users/abhij/Documents/Unreal Projects/Dissertation/Content/Characters/Mannequins/Textures/Quinn/T_Quinn_01ID_N.uasset" 1233
"C:/Users/abhij/Documents/Unreal Projects/Dissertation/Content/Characters/Mannequins/Textures/Quinn/T_Quinn_01ID_N.uexp" 1234
"C:/Users/abhij/Documents/Unreal Projects/Dissertation/Content/Characters/Mannequins/Textures/Quinn/T_Quinn_01ID_BN.ubulk" 1235
"C:/Users/abhij/Documents/Unreal Projects/Dissertation/Content/Characters/Mannequins/Textures/Quinn/T_Quinn_01ID_BN.uasset" 1236
"C:/Users/abhij/Documents/Unreal Projects/Dissertation/Content/Characters/Mannequins/Textures/Quinn/T_Quinn_01ID_BN.uexp" 1237
"C:/Users/abhij/Documents/Unreal Projects/Dissertation/Content/Characters/Mannequins/Textures/Quinn/T_Quinn_01ID_D.ubulk" 1238
"C:/Users/abhij/Documents/Unreal Projects/Dissertation/Content/Characters/Mannequins/Textures/Quinn/T_Quinn_01ID_D.uasset" 1239
"C:/Users/abhij/Documents/Unreal Projects/Dissertation/Content/Characters/Mannequins/Textures/Quinn/T_Quinn_01ID_D.uexp" 1240
"C:/Users/abhij/Documents/Unreal Projects/Dissertation/Content/Characters/Mannequins/Textures/Quinn/T_Quinn_01ID_Tan.ubulk" 1241
"C:/Users/abhij/Documents/Unreal Projects/Dissertation/Content/Characters/Mannequins/Textures/Quinn/T_Quinn_01ID_Tan.uasset" 1242
"C:/Users/abhij/Documents/Unreal Projects/Dissertation/Content/Characters/Mannequins/Textures/Quinn/T_Quinn_01ID_Tan.uexp" 1243
"C:/Users/abhij/Documents/Unreal Projects/Dissertation/Content/Characters/Mannequins/Textures/Quinn/T_Quinn_01_CCRCCPlastic_MSK.ubulk" 1244
"C:/Users/abhij/Documents/Unreal Projects/Dissertation/Content/Characters/Mannequins/Textures/Quinn/T_Quinn_01_CCRCCPlastic_MSK.uasset" 1245
"C:/Users/abhij/Documents/Unreal Projects/Dissertation/Content/Characters/Mannequins/Textures/Quinn/T_Quinn_01_CCRCCPlastic_MSK.uexp" 1246
"C:/Users/abhij/Documents/Unreal Projects/Dissertation/Content/Characters/Mannequins/Materials/Instances/Quinn/MI_Quinn_01.uasset" 1247
"C:/Users/abhij/Documents/Unreal Projects/Dissertation/Content/Characters/Mannequins/Materials/Instances/Quinn/MI_Quinn_01.uexp" 1248
"C:/Users/abhij/Documents/Unreal Projects/Dissertation/Content/Characters/Mannequins/Textures/Quinn/T_Quinn_02ID_N.ubulk" 1249
"C:/Users/abhij/Documents/Unreal Projects/Dissertation/Content/Characters/Mannequins/Textures/Quinn/T_Quinn_02ID_N.uasset" 1250
"C:/Users/abhij/Documents/Unreal Projects/Dissertation/Content/Characters/Mannequins/Textures/Quinn/T_Quinn_02ID_N.uexp" 1251
"C:/Users/abhij/Documents/Unreal Projects/Dissertation/Content/Characters/Mannequins/Materials/Instances/Quinn/MI_Quinn_02.uasset" 1252
"C:/Users/abhij/Documents/Unreal Projects/Dissertation/Content/Characters/Mannequins/Materials/Instances/Quinn/MI_Quinn_02.uexp" 1253
"C:/Users/abhij/Documents/Unreal Projects/Dissertation/Content/Characters/Mannequins/Rigs/PA_Mannequin.uasset" 1254
"C:/Users/abhij/Documents/Unreal Projects/Dissertation/Content/Characters/Mannequins/Rigs/PA_Mannequin.uexp" 1255
"C:/Users/abhij/Documents/Unreal Projects/Dissertation/Content/Characters/Mannequins/Meshes/SKM_Quinn_Simple.uasset" 1256
"C:/Users/abhij/Documents/Unreal Projects/Dissertation/Content/Characters/Mannequins/Meshes/SKM_Quinn_Simple.uexp" 1257
"C:/Users/abhij/Documents/Unreal Projects/Dissertation/Content/Characters/Mannequins/Rigs/Poses/Manny/Manny_foot_l_anim.uasset" 1258
"C:/Users/abhij/Documents/Unreal Projects/Dissertation/Content/Characters/Mannequins/Rigs/Poses/Manny/Manny_foot_l_anim.uexp" 1259
"C:/Users/abhij/Documents/Unreal Projects/Dissertation/Content/Characters/Mannequins/Rigs/Poses/Manny/Manny_foot_l_pose.uasset" 1260
"C:/Users/abhij/Documents/Unreal Projects/Dissertation/Content/Characters/Mannequins/Rigs/Poses/Manny/Manny_foot_l_pose.uexp" 1261
"C:/Users/abhij/Documents/Unreal Projects/Dissertation/Content/Characters/Mannequins/Rigs/Poses/Manny/Manny_thigh_r_anim.uasset" 1262
"C:/Users/abhij/Documents/Unreal Projects/Dissertation/Content/Characters/Mannequins/Rigs/Poses/Manny/Manny_thigh_r_anim.uexp" 1263
"C:/Users/abhij/Documents/Unreal Projects/Dissertation/Content/Characters/Mannequins/Rigs/Poses/Manny/Manny_thigh_r_pose.uasset" 1264
"C:/Users/abhij/Documents/Unreal Projects/Dissertation/Content/Characters/Mannequins/Rigs/Poses/Manny/Manny_thigh_r_pose.uexp" 1265
"C:/Users/abhij/Documents/Unreal Projects/Dissertation/Content/Characters/Mannequins/Rigs/Poses/Manny/Manny_hand_r_anim.uasset" 1266
"C:/Users/abhij/Documents/Unreal Projects/Dissertation/Content/Characters/Mannequins/Rigs/Poses/Manny/Manny_hand_r_anim.uexp" 1267
"C:/Users/abhij/Documents/Unreal Projects/Dissertation/Content/Characters/Mannequins/Rigs/Poses/Manny/Manny_hand_r_pose.uasset" 1268
"C:/Users/abhij/Documents/Unreal Projects/Dissertation/Content/Characters/Mannequins/Rigs/Poses/Manny/Manny_hand_r_pose.uexp" 1269
"C:/Users/abhij/Documents/Unreal Projects/Dissertation/Content/Characters/Mannequins/Rigs/Poses/Manny/Manny_clavicle_l_anim.uasset" 1270
"C:/Users/abhij/Documents/Unreal Projects/Dissertation/Content/Characters/Mannequins/Rigs/Poses/Manny/Manny_clavicle_l_anim.uexp" 1271
"C:/Users/abhij/Documents/Unreal Projects/Dissertation/Content/Characters/Mannequins/Rigs/Poses/Manny/Manny_clavicle_l_pose.uasset" 1272
"C:/Users/abhij/Documents/Unreal Projects/Dissertation/Content/Characters/Mannequins/Rigs/Poses/Manny/Manny_clavicle_l_pose.uexp" 1273
"C:/Users/abhij/Documents/Unreal Projects/Dissertation/Content/Characters/Mannequins/Rigs/Poses/Manny/Manny_calf_l_anim.uasset" 1274
"C:/Users/abhij/Documents/Unreal Projects/Dissertation/Content/Characters/Mannequins/Rigs/Poses/Manny/Manny_calf_l_anim.uexp" 1275
"C:/Users/abhij/Documents/Unreal Projects/Dissertation/Content/Characters/Mannequins/Rigs/Poses/Manny/Manny_calf_l_pose.uasset" 1276
"C:/Users/abhij/Documents/Unreal Projects/Dissertation/Content/Characters/Mannequins/Rigs/Poses/Manny/Manny_calf_l_pose.uexp" 1277
"C:/Users/abhij/Documents/Unreal Projects/Dissertation/Content/Characters/Mannequins/Rigs/Poses/Manny/Manny_hand_l_anim.uasset" 1278
"C:/Users/abhij/Documents/Unreal Projects/Dissertation/Content/Characters/Mannequins/Rigs/Poses/Manny/Manny_hand_l_anim.uexp" 1279
"C:/Users/abhij/Documents/Unreal Projects/Dissertation/Content/Characters/Mannequins/Rigs/Poses/Manny/Manny_hand_l_pose.uasset" 1280
"C:/Users/abhij/Documents/Unreal Projects/Dissertation/Content/Characters/Mannequins/Rigs/Poses/Manny/Manny_hand_l_pose.uexp" 1281
"../../../Engine/Plugins/Animation/ControlRig/Content/Controls/DefaultGizmoLibrary.uasset" 1282
"../../../Engine/Plugins/Animation/ControlRig/Content/Controls/DefaultGizmoLibrary.uexp" 1283
"C:/Users/abhij/Documents/Unreal Projects/Dissertation/Content/Characters/Mannequins/Rigs/CR_Mannequin_Procedural.uasset" 1284
"C:/Users/abhij/Documents/Unreal Projects/Dissertation/Content/Characters/Mannequins/Rigs/CR_Mannequin_Procedural.uexp" 1285
"C:/Users/abhij/Documents/Unreal Projects/Dissertation/Content/Characters/Mannequins/Rigs/Poses/Manny/Manny_upperarm_r_anim.uasset" 1286
"C:/Users/abhij/Documents/Unreal Projects/Dissertation/Content/Characters/Mannequins/Rigs/Poses/Manny/Manny_upperarm_r_anim.uexp" 1287
"C:/Users/abhij/Documents/Unreal Projects/Dissertation/Content/Characters/Mannequins/Rigs/Poses/Manny/Manny_upperarm_r_pose.uasset" 1288
"C:/Users/abhij/Documents/Unreal Projects/Dissertation/Content/Characters/Mannequins/Rigs/Poses/Manny/Manny_upperarm_r_pose.uexp" 1289
"C:/Users/abhij/Documents/Unreal Projects/Dissertation/Content/Characters/Mannequins/Rigs/Poses/Manny/Manny_lowerarm_r_anim.uasset" 1290
"C:/Users/abhij/Documents/Unreal Projects/Dissertation/Content/Characters/Mannequins/Rigs/Poses/Manny/Manny_lowerarm_r_anim.uexp" 1291
"C:/Users/abhij/Documents/Unreal Projects/Dissertation/Content/Characters/Mannequins/Rigs/Poses/Manny/Manny_lowerarm_r_pose.uasset" 1292
"C:/Users/abhij/Documents/Unreal Projects/Dissertation/Content/Characters/Mannequins/Rigs/Poses/Manny/Manny_lowerarm_r_pose.uexp" 1293
"C:/Users/abhij/Documents/Unreal Projects/Dissertation/Content/Characters/Mannequins/Rigs/Poses/Manny/Manny_calf_r_anim.uasset" 1294
"C:/Users/abhij/Documents/Unreal Projects/Dissertation/Content/Characters/Mannequins/Rigs/Poses/Manny/Manny_calf_r_anim.uexp" 1295
"C:/Users/abhij/Documents/Unreal Projects/Dissertation/Content/Characters/Mannequins/Rigs/Poses/Manny/Manny_calf_r_pose.uasset" 1296
"C:/Users/abhij/Documents/Unreal Projects/Dissertation/Content/Characters/Mannequins/Rigs/Poses/Manny/Manny_calf_r_pose.uexp" 1297
"C:/Users/abhij/Documents/Unreal Projects/Dissertation/Content/Characters/Mannequins/Rigs/Poses/Manny/Manny_foot_r_anim.uasset" 1298
"C:/Users/abhij/Documents/Unreal Projects/Dissertation/Content/Characters/Mannequins/Rigs/Poses/Manny/Manny_foot_r_anim.uexp" 1299
"C:/Users/abhij/Documents/Unreal Projects/Dissertation/Content/Characters/Mannequins/Rigs/Poses/Manny/Manny_foot_r_pose.uasset" 1300
"C:/Users/abhij/Documents/Unreal Projects/Dissertation/Content/Characters/Mannequins/Rigs/Poses/Manny/Manny_foot_r_pose.uexp" 1301
"C:/Users/abhij/Documents/Unreal Projects/Dissertation/Content/Characters/Mannequins/Rigs/Poses/Manny/Manny_lowerarm_l_anim.uasset" 1302
"C:/Users/abhij/Documents/Unreal Projects/Dissertation/Content/Characters/Mannequins/Rigs/Poses/Manny/Manny_lowerarm_l_anim.uexp" 1303
"C:/Users/abhij/Documents/Unreal Projects/Dissertation/Content/Characters/Mannequins/Rigs/Poses/Manny/Manny_lowerarm_l_pose.uasset" 1304
"C:/Users/abhij/Documents/Unreal Projects/Dissertation/Content/Characters/Mannequins/Rigs/Poses/Manny/Manny_lowerarm_l_pose.uexp" 1305
"C:/Users/abhij/Documents/Unreal Projects/Dissertation/Content/Characters/Mannequins/Rigs/Poses/Manny/Manny_clavicle_r_anim.uasset" 1306
"C:/Users/abhij/Documents/Unreal Projects/Dissertation/Content/Characters/Mannequins/Rigs/Poses/Manny/Manny_clavicle_r_anim.uexp" 1307
"C:/Users/abhij/Documents/Unreal Projects/Dissertation/Content/Characters/Mannequins/Rigs/Poses/Manny/Manny_clavicle_r_pose.uasset" 1308
"C:/Users/abhij/Documents/Unreal Projects/Dissertation/Content/Characters/Mannequins/Rigs/Poses/Manny/Manny_clavicle_r_pose.uexp" 1309
"C:/Users/abhij/Documents/Unreal Projects/Dissertation/Content/Characters/Mannequins/Rigs/Poses/Manny/Manny_thigh_l_anim.uasset" 1310
"C:/Users/abhij/Documents/Unreal Projects/Dissertation/Content/Characters/Mannequins/Rigs/Poses/Manny/Manny_thigh_l_anim.uexp" 1311
"C:/Users/abhij/Documents/Unreal Projects/Dissertation/Content/Characters/Mannequins/Rigs/Poses/Manny/Manny_thigh_l_pose.uasset" 1312
"C:/Users/abhij/Documents/Unreal Projects/Dissertation/Content/Characters/Mannequins/Rigs/Poses/Manny/Manny_thigh_l_pose.uexp" 1313
"C:/Users/abhij/Documents/Unreal Projects/Dissertation/Content/Characters/Mannequins/Rigs/Poses/Manny/Manny_upperarm_l_anim.uasset" 1314
"C:/Users/abhij/Documents/Unreal Projects/Dissertation/Content/Characters/Mannequins/Rigs/Poses/Manny/Manny_upperarm_l_anim.uexp" 1315
"C:/Users/abhij/Documents/Unreal Projects/Dissertation/Content/Characters/Mannequins/Rigs/Poses/Manny/Manny_upperarm_l_pose.uasset" 1316
"C:/Users/abhij/Documents/Unreal Projects/Dissertation/Content/Characters/Mannequins/Rigs/Poses/Manny/Manny_upperarm_l_pose.uexp" 1317
"C:/Users/abhij/Documents/Unreal Projects/Dissertation/Content/Characters/Mannequins/Rigs/ABP_Manny_PostProcess.uasset" 1318
"C:/Users/abhij/Documents/Unreal Projects/Dissertation/Content/Characters/Mannequins/Rigs/ABP_Manny_PostProcess.uexp" 1319
"C:/Users/abhij/Documents/Unreal Projects/Dissertation/Content/Characters/Mannequins/Textures/Manny/T_Manny_02_MSR_MSK.ubulk" 1320
"C:/Users/abhij/Documents/Unreal Projects/Dissertation/Content/Characters/Mannequins/Textures/Manny/T_Manny_02_MSR_MSK.uasset" 1321
"C:/Users/abhij/Documents/Unreal Projects/Dissertation/Content/Characters/Mannequins/Textures/Manny/T_Manny_02_MSR_MSK.uexp" 1322
"C:/Users/abhij/Documents/Unreal Projects/Dissertation/Content/Characters/Mannequins/Textures/Manny/T_Manny_02_CCRCCPlastic_MSK.ubulk" 1323
"C:/Users/abhij/Documents/Unreal Projects/Dissertation/Content/Characters/Mannequins/Textures/Manny/T_Manny_02_CCRCCPlastic_MSK.uasset" 1324
"C:/Users/abhij/Documents/Unreal Projects/Dissertation/Content/Characters/Mannequins/Textures/Manny/T_Manny_02_CCRCCPlastic_MSK.uexp" 1325
"C:/Users/abhij/Documents/Unreal Projects/Dissertation/Content/Characters/Mannequins/Textures/Manny/T_Manny_02_Tan.ubulk" 1326
"C:/Users/abhij/Documents/Unreal Projects/Dissertation/Content/Characters/Mannequins/Textures/Manny/T_Manny_02_Tan.uasset" 1327
"C:/Users/abhij/Documents/Unreal Projects/Dissertation/Content/Characters/Mannequins/Textures/Manny/T_Manny_02_Tan.uexp" 1328
"C:/Users/abhij/Documents/Unreal Projects/Dissertation/Content/Characters/Mannequins/Textures/Manny/T_Manny_02_N.ubulk" 1329
"C:/Users/abhij/Documents/Unreal Projects/Dissertation/Content/Characters/Mannequins/Textures/Manny/T_Manny_02_N.uasset" 1330
"C:/Users/abhij/Documents/Unreal Projects/Dissertation/Content/Characters/Mannequins/Textures/Manny/T_Manny_02_N.uexp" 1331
"C:/Users/abhij/Documents/Unreal Projects/Dissertation/Content/Characters/Mannequins/Materials/Instances/Manny/MI_Manny_01.uasset" 1332
"C:/Users/abhij/Documents/Unreal Projects/Dissertation/Content/Characters/Mannequins/Materials/Instances/Manny/MI_Manny_01.uexp" 1333
"C:/Users/abhij/Documents/Unreal Projects/Dissertation/Content/Characters/Mannequins/Textures/Manny/T_Manny_02_BN.ubulk" 1334
"C:/Users/abhij/Documents/Unreal Projects/Dissertation/Content/Characters/Mannequins/Textures/Manny/T_Manny_02_BN.uasset" 1335
"C:/Users/abhij/Documents/Unreal Projects/Dissertation/Content/Characters/Mannequins/Textures/Manny/T_Manny_02_BN.uexp" 1336
"C:/Users/abhij/Documents/Unreal Projects/Dissertation/Content/Characters/Mannequins/Textures/Manny/T_Manny_02_ASAOPMASK_MSK.ubulk" 1337
"C:/Users/abhij/Documents/Unreal Projects/Dissertation/Content/Characters/Mannequins/Textures/Manny/T_Manny_02_ASAOPMASK_MSK.uasset" 1338
"C:/Users/abhij/Documents/Unreal Projects/Dissertation/Content/Characters/Mannequins/Textures/Manny/T_Manny_02_ASAOPMASK_MSK.uexp" 1339
"C:/Users/abhij/Documents/Unreal Projects/Dissertation/Content/Characters/Mannequins/Textures/Manny/T_Manny_02_D.ubulk" 1340
"C:/Users/abhij/Documents/Unreal Projects/Dissertation/Content/Characters/Mannequins/Textures/Manny/T_Manny_02_D.uasset" 1341
"C:/Users/abhij/Documents/Unreal Projects/Dissertation/Content/Characters/Mannequins/Textures/Manny/T_Manny_02_D.uexp" 1342
"C:/Users/abhij/Documents/Unreal Projects/Dissertation/Content/Characters/Mannequins/Materials/Instances/Manny/MI_Manny_02.uasset" 1343
"C:/Users/abhij/Documents/Unreal Projects/Dissertation/Content/Characters/Mannequins/Materials/Instances/Manny/MI_Manny_02.uexp" 1344
"C:/Users/abhij/Documents/Unreal Projects/Dissertation/Content/Characters/Mannequins/Meshes/SKM_Manny.uasset" 1345
"C:/Users/abhij/Documents/Unreal Projects/Dissertation/Content/Characters/Mannequins/Meshes/SKM_Manny.uexp" 1346
"C:/Users/abhij/Documents/Unreal Projects/Dissertation/Content/Characters/Mannequins/Meshes/Mannequin_LODSettings.uasset" 1347
"C:/Users/abhij/Documents/Unreal Projects/Dissertation/Content/Characters/Mannequins/Meshes/Mannequin_LODSettings.uexp" 1348
"../../../Engine/Content/Functions/Engine_MaterialFunctions02/Utility/DitherTemporalAA.uasset" 1349
"../../../Engine/Content/Functions/Engine_MaterialFunctions02/Utility/DitherTemporalAA.uexp" 1350
"../../../Engine/Plugins/Marketplace/VoxelFree_5.4/Content/MaterialHelpers/VoxelOpacity.uasset" 1351
"../../../Engine/Plugins/Marketplace/VoxelFree_5.4/Content/MaterialHelpers/VoxelOpacity.uexp" 1352
"../../../Engine/Plugins/Marketplace/VoxelFree_5.4/Content/Examples/Materials/RGB/M_VoxelMaterial_Colors_Parameter.uasset" 1353
"../../../Engine/Plugins/Marketplace/VoxelFree_5.4/Content/Examples/Materials/RGB/M_VoxelMaterial_Colors_Parameter.uexp" 1354
"../../../Engine/Plugins/Marketplace/VoxelFree_5.4/Content/Examples/Importers/Chair/VoxelExample_M_Chair_Emissive_UVs.uasset" 1355
"../../../Engine/Plugins/Marketplace/VoxelFree_5.4/Content/Examples/Importers/Chair/VoxelExample_M_Chair_Emissive_UVs.uexp" 1356
"../../../Engine/Plugins/Marketplace/VoxelFree_5.4/Content/Examples/Importers/Chair/VoxelExample_M_Chair_Emissive_Color.uasset" 1357
"../../../Engine/Plugins/Marketplace/VoxelFree_5.4/Content/Examples/Importers/Chair/VoxelExample_M_Chair_Emissive_Color.uexp" 1358
"../../../Engine/Content/Functions/Engine_MaterialFunctions01/Shading/PowerToRoughness.uasset" 1359
"../../../Engine/Content/Functions/Engine_MaterialFunctions01/Shading/PowerToRoughness.uexp" 1360
"../../../Engine/Content/Functions/Engine_MaterialFunctions01/Shading/ConvertFromDiffSpec.uasset" 1361
"../../../Engine/Content/Functions/Engine_MaterialFunctions01/Shading/ConvertFromDiffSpec.uexp" 1362
"../../../Engine/Content/EngineMaterials/Substrate/Volume/SubstrateSimpleVolumeLUT3D.uasset" 1363
"../../../Engine/Content/EngineMaterials/Substrate/Volume/SubstrateSimpleVolumeLUT3D.uexp" 1364
"../../../Engine/Content/EngineMaterials/Substrate/Volume/SubstrateSimpleVolumeEnvLUT3D.uasset" 1365
"../../../Engine/Content/EngineMaterials/Substrate/Volume/SubstrateSimpleVolumeEnvLUT3D.uexp" 1366
"../../../Engine/Content/EngineMaterials/Substrate/GLints2/AGlintTex2dArray2.uasset" 1367
"../../../Engine/Content/EngineMaterials/Substrate/GLints2/AGlintTex2dArray2.uexp" 1368
"../../../Engine/Content/EngineMaterials/Substrate/GLints/AGlintTex2dArray.uasset" 1369
"../../../Engine/Content/EngineMaterials/Substrate/GLints/AGlintTex2dArray.uexp" 1370
"../../../Engine/Content/EngineMaterials/FlattenMaterial_WS_Normal_VT.uasset" 1371
"../../../Engine/Content/EngineMaterials/FlattenMaterial_WS_Normal_VT.uexp" 1372
"../../../Engine/Content/OpenWorldTemplate/HLOD/HLOD0_Instancing.uasset" 1373
"../../../Engine/Content/OpenWorldTemplate/HLOD/HLOD0_Instancing.uexp" 1374
"C:/Users/abhij/Documents/Unreal Projects/Dissertation/Content/Fab/Megascans/Surfaces/Gouged_Rock_Cliff_vlcpcbc/Medium/T_vlcpcbc_2K_B.ubulk" 1375
"C:/Users/abhij/Documents/Unreal Projects/Dissertation/Content/Fab/Megascans/Surfaces/Gouged_Rock_Cliff_vlcpcbc/Medium/T_vlcpcbc_2K_B.uasset" 1376
"C:/Users/abhij/Documents/Unreal Projects/Dissertation/Content/Fab/Megascans/Surfaces/Gouged_Rock_Cliff_vlcpcbc/Medium/T_vlcpcbc_2K_B.uexp" 1377
"C:/Users/abhij/Documents/Unreal Projects/Dissertation/Content/Fab/Megascans/Surfaces/Gouged_Rock_Cliff_vlcpcbc/Medium/T_vlcpcbc_2K_N.ubulk" 1378
"C:/Users/abhij/Documents/Unreal Projects/Dissertation/Content/Fab/Megascans/Surfaces/Gouged_Rock_Cliff_vlcpcbc/Medium/T_vlcpcbc_2K_N.uasset" 1379
"C:/Users/abhij/Documents/Unreal Projects/Dissertation/Content/Fab/Megascans/Surfaces/Gouged_Rock_Cliff_vlcpcbc/Medium/T_vlcpcbc_2K_N.uexp" 1380
"../../../Engine/Content/EngineMaterials/DefaultNormal_Uncompressed.ubulk" 1381
"../../../Engine/Content/EngineMaterials/DefaultNormal_Uncompressed.uasset" 1382
"../../../Engine/Content/EngineMaterials/DefaultNormal_Uncompressed.uexp" 1383
"../../../Engine/Content/Functions/Engine_MaterialFunctions02/Math/CreateThirdOrthogonalVector.uasset" 1384
"../../../Engine/Content/Functions/Engine_MaterialFunctions02/Math/CreateThirdOrthogonalVector.uexp" 1385
"../../../Engine/Content/Functions/Engine_MaterialFunctions02/WorldAlignedNormals_HighQuality.uasset" 1386
"../../../Engine/Content/Functions/Engine_MaterialFunctions02/WorldAlignedNormals_HighQuality.uexp" 1387
"../../../Engine/Content/Functions/Engine_MaterialFunctions01/Texturing/WorldAlignedNormal.uasset" 1388
"../../../Engine/Content/Functions/Engine_MaterialFunctions01/Texturing/WorldAlignedNormal.uexp" 1389
"../../../Engine/Content/Functions/Engine_MaterialFunctions01/Texturing/WorldAlignedTexture.uasset" 1390
"../../../Engine/Content/Functions/Engine_MaterialFunctions01/Texturing/WorldAlignedTexture.uexp" 1391
"C:/Users/abhij/Documents/Unreal Projects/Dissertation/Content/M_VoxelRock_Triplanar.uasset" 1392
"C:/Users/abhij/Documents/Unreal Projects/Dissertation/Content/M_VoxelRock_Triplanar.uexp" 1393
"../../../Engine/Plugins/Marketplace/VoxelFree_5.4/Content/Examples/Shared/Textures/TextureHaven/Rock/T_Rock_ARM.ubulk" 1394
"../../../Engine/Plugins/Marketplace/VoxelFree_5.4/Content/Examples/Shared/Textures/TextureHaven/Rock/T_Rock_ARM.uasset" 1395
"../../../Engine/Plugins/Marketplace/VoxelFree_5.4/Content/Examples/Shared/Textures/TextureHaven/Rock/T_Rock_ARM.uexp" 1396
"../../../Engine/Plugins/Marketplace/VoxelFree_5.4/Content/Examples/Shared/Textures/Default/T_DefaultAlbedo.ubulk" 1397
"../../../Engine/Plugins/Marketplace/VoxelFree_5.4/Content/Examples/Shared/Textures/Default/T_DefaultAlbedo.uasset" 1398
"../../../Engine/Plugins/Marketplace/VoxelFree_5.4/Content/Examples/Shared/Textures/Default/T_DefaultAlbedo.uexp" 1399
"../../../Engine/Plugins/Marketplace/VoxelFree_5.4/Content/Examples/Shared/Textures/Default/T_DefaultHRA.ubulk" 1400
"../../../Engine/Plugins/Marketplace/VoxelFree_5.4/Content/Examples/Shared/Textures/Default/T_DefaultHRA.uasset" 1401
"../../../Engine/Plugins/Marketplace/VoxelFree_5.4/Content/Examples/Shared/Textures/Default/T_DefaultHRA.uexp" 1402
"../../../Engine/Plugins/Marketplace/VoxelFree_5.4/Content/MaterialHelpers/Voxel_WorldAlignedAlphas.uasset" 1403
"../../../Engine/Plugins/Marketplace/VoxelFree_5.4/Content/MaterialHelpers/Voxel_WorldAlignedAlphas.uexp" 1404
"../../../Engine/Content/Functions/Engine_MaterialFunctions02/ExampleContent/Textures/water_n.ubulk" 1405
"../../../Engine/Content/Functions/Engine_MaterialFunctions02/ExampleContent/Textures/water_n.uasset" 1406
"../../../Engine/Content/Functions/Engine_MaterialFunctions02/ExampleContent/Textures/water_n.uexp" 1407
"../../../Engine/Content/Functions/Engine_MaterialFunctions02/ExampleContent/Textures/newhplaneNormalsMap.ubulk" 1408
"../../../Engine/Content/Functions/Engine_MaterialFunctions02/ExampleContent/Textures/newhplaneNormalsMap.uasset" 1409
"../../../Engine/Content/Functions/Engine_MaterialFunctions02/ExampleContent/Textures/newhplaneNormalsMap.uexp" 1410
"../../../Engine/Content/Functions/Engine_MaterialFunctions02/ExampleContent/Textures/SphereRenderNormalsMap.ubulk" 1411
"../../../Engine/Content/Functions/Engine_MaterialFunctions02/ExampleContent/Textures/SphereRenderNormalsMap.uasset" 1412
"../../../Engine/Content/Functions/Engine_MaterialFunctions02/ExampleContent/Textures/SphereRenderNormalsMap.uexp" 1413
"../../../Engine/Plugins/Marketplace/VoxelFree_5.4/Content/MaterialHelpers/Voxel_WorldAlignedUVs.uasset" 1414
"../../../Engine/Plugins/Marketplace/VoxelFree_5.4/Content/MaterialHelpers/Voxel_WorldAlignedUVs.uexp" 1415
"../../../Engine/Plugins/Marketplace/VoxelFree_5.4/Content/MaterialHelpers/Voxel_WorldAlignedNormals.uasset" 1416
"../../../Engine/Plugins/Marketplace/VoxelFree_5.4/Content/MaterialHelpers/Voxel_WorldAlignedNormals.uexp" 1417
"../../../Engine/Plugins/Marketplace/VoxelFree_5.4/Content/MaterialHelpers/Voxel_TessellationMultiplier.uasset" 1418
"../../../Engine/Plugins/Marketplace/VoxelFree_5.4/Content/MaterialHelpers/Voxel_TessellationMultiplier.uexp" 1419
"../../../Engine/Plugins/Marketplace/VoxelFree_5.4/Content/Examples/Shared/Textures/Default/T_DefaultNormalmap.ubulk" 1420
"../../../Engine/Plugins/Marketplace/VoxelFree_5.4/Content/Examples/Shared/Textures/Default/T_DefaultNormalmap.uasset" 1421
"../../../Engine/Plugins/Marketplace/VoxelFree_5.4/Content/Examples/Shared/Textures/Default/T_DefaultNormalmap.uexp" 1422
"../../../Engine/Plugins/Marketplace/VoxelFree_5.4/Content/Examples/Shared/Textures/Default/T_DefaultARM.ubulk" 1423
"../../../Engine/Plugins/Marketplace/VoxelFree_5.4/Content/Examples/Shared/Textures/Default/T_DefaultARM.uasset" 1424
"../../../Engine/Plugins/Marketplace/VoxelFree_5.4/Content/Examples/Shared/Textures/Default/T_DefaultARM.uexp" 1425
"../../../Engine/Content/EngineMaterials/DefCube_Face.uasset" 1426
"../../../Engine/Content/EngineMaterials/DefCube_Face.uexp" 1427
"../../../Engine/Content/EngineMaterials/DefaultWhiteGrid.ubulk" 1428
"../../../Engine/Content/EngineMaterials/DefaultWhiteGrid.uasset" 1429
"../../../Engine/Content/EngineMaterials/DefaultWhiteGrid.uexp" 1430
"../../../Engine/Plugins/Marketplace/VoxelFree_5.4/Content/MaterialHelpers/Voxel_WorldAlignedTextures.uasset" 1431
"../../../Engine/Plugins/Marketplace/VoxelFree_5.4/Content/MaterialHelpers/Voxel_WorldAlignedTextures.uexp" 1432
"../../../Engine/Plugins/Marketplace/VoxelFree_5.4/Content/Examples/Shared/Textures/Default/T_DefaultHeightmap.ubulk" 1433
"../../../Engine/Plugins/Marketplace/VoxelFree_5.4/Content/Examples/Shared/Textures/Default/T_DefaultHeightmap.uasset" 1434
"../../../Engine/Plugins/Marketplace/VoxelFree_5.4/Content/Examples/Shared/Textures/Default/T_DefaultHeightmap.uexp" 1435
"../../../Engine/Content/Functions/Engine_MaterialFunctions02/Texturing/HeightLerpWithTwoHeightMaps.uasset" 1436
"../../../Engine/Content/Functions/Engine_MaterialFunctions02/Texturing/HeightLerpWithTwoHeightMaps.uexp" 1437
"../../../Engine/Plugins/Marketplace/VoxelFree_5.4/Content/Examples/Materials/Quixel/MF_VoxelQuixel.uasset" 1438
"../../../Engine/Plugins/Marketplace/VoxelFree_5.4/Content/Examples/Materials/Quixel/MF_VoxelQuixel.uexp" 1439
"../../../Engine/Plugins/Marketplace/VoxelFree_5.4/Content/Examples/Materials/Quixel/MS_VoxelQuixel.uasset" 1440
"../../../Engine/Plugins/Marketplace/VoxelFree_5.4/Content/Examples/Materials/Quixel/MS_VoxelQuixel.uexp" 1441
"../../../Engine/Plugins/Marketplace/VoxelFree_5.4/Content/Examples/Shared/Textures/TextureHaven/Rock/T_Rock_Albedo.ubulk" 1442
"../../../Engine/Plugins/Marketplace/VoxelFree_5.4/Content/Examples/Shared/Textures/TextureHaven/Rock/T_Rock_Albedo.uasset" 1443
"../../../Engine/Plugins/Marketplace/VoxelFree_5.4/Content/Examples/Shared/Textures/TextureHaven/Rock/T_Rock_Albedo.uexp" 1444
"../../../Engine/Plugins/Marketplace/VoxelFree_5.4/Content/Examples/Shared/Textures/TextureHaven/Rock/T_Rock_Normal.ubulk" 1445
"../../../Engine/Plugins/Marketplace/VoxelFree_5.4/Content/Examples/Shared/Textures/TextureHaven/Rock/T_Rock_Normal.uasset" 1446
"../../../Engine/Plugins/Marketplace/VoxelFree_5.4/Content/Examples/Shared/Textures/TextureHaven/Rock/T_Rock_Normal.uexp" 1447
"../../../Engine/Plugins/Marketplace/VoxelFree_5.4/Content/Examples/Shared/Textures/TextureHaven/Rock/T_Rock_Height.ubulk" 1448
"../../../Engine/Plugins/Marketplace/VoxelFree_5.4/Content/Examples/Shared/Textures/TextureHaven/Rock/T_Rock_Height.uasset" 1449
"../../../Engine/Plugins/Marketplace/VoxelFree_5.4/Content/Examples/Shared/Textures/TextureHaven/Rock/T_Rock_Height.uexp" 1450
"../../../Engine/Plugins/Marketplace/VoxelFree_5.4/Content/Examples/Shared/Textures/TextureHaven/Rock/MI_Rock.uasset" 1451
"../../../Engine/Plugins/Marketplace/VoxelFree_5.4/Content/Examples/Shared/Textures/TextureHaven/Rock/MI_Rock.uexp" 1452
"../../../Engine/Plugins/Marketplace/VoxelFree_5.4/Content/Examples/Shared/Textures/TextureHaven/Snow/T_Snow_Normal.ubulk" 1453
"../../../Engine/Plugins/Marketplace/VoxelFree_5.4/Content/Examples/Shared/Textures/TextureHaven/Snow/T_Snow_Normal.uasset" 1454
"../../../Engine/Plugins/Marketplace/VoxelFree_5.4/Content/Examples/Shared/Textures/TextureHaven/Snow/T_Snow_Normal.uexp" 1455
"../../../Engine/Plugins/Marketplace/VoxelFree_5.4/Content/Examples/Shared/Textures/TextureHaven/Snow/T_Snow_ARM.ubulk" 1456
"../../../Engine/Plugins/Marketplace/VoxelFree_5.4/Content/Examples/Shared/Textures/TextureHaven/Snow/T_Snow_ARM.uasset" 1457
"../../../Engine/Plugins/Marketplace/VoxelFree_5.4/Content/Examples/Shared/Textures/TextureHaven/Snow/T_Snow_ARM.uexp" 1458
"../../../Engine/Plugins/Marketplace/VoxelFree_5.4/Content/Examples/Shared/Textures/TextureHaven/Snow/T_Snow_Albedo.ubulk" 1459
"../../../Engine/Plugins/Marketplace/VoxelFree_5.4/Content/Examples/Shared/Textures/TextureHaven/Snow/T_Snow_Albedo.uasset" 1460
"../../../Engine/Plugins/Marketplace/VoxelFree_5.4/Content/Examples/Shared/Textures/TextureHaven/Snow/T_Snow_Albedo.uexp" 1461
"../../../Engine/Plugins/Marketplace/VoxelFree_5.4/Content/Examples/Shared/Textures/TextureHaven/Snow/T_Snow_Height.ubulk" 1462
"../../../Engine/Plugins/Marketplace/VoxelFree_5.4/Content/Examples/Shared/Textures/TextureHaven/Snow/T_Snow_Height.uasset" 1463
"../../../Engine/Plugins/Marketplace/VoxelFree_5.4/Content/Examples/Shared/Textures/TextureHaven/Snow/T_Snow_Height.uexp" 1464
"../../../Engine/Plugins/Marketplace/VoxelFree_5.4/Content/Examples/Shared/Textures/TextureHaven/Snow/MI_Snow.uasset" 1465
"../../../Engine/Plugins/Marketplace/VoxelFree_5.4/Content/Examples/Shared/Textures/TextureHaven/Snow/MI_Snow.uexp" 1466
"../../../Engine/Plugins/Marketplace/VoxelFree_5.4/Content/Examples/Shared/Textures/TextureHaven/MedievalBlocks/T_MedievalBlocks_ARM.ubulk" 1467
"../../../Engine/Plugins/Marketplace/VoxelFree_5.4/Content/Examples/Shared/Textures/TextureHaven/MedievalBlocks/T_MedievalBlocks_ARM.uasset" 1468
"../../../Engine/Plugins/Marketplace/VoxelFree_5.4/Content/Examples/Shared/Textures/TextureHaven/MedievalBlocks/T_MedievalBlocks_ARM.uexp" 1469
"../../../Engine/Plugins/Marketplace/VoxelFree_5.4/Content/Examples/Shared/Textures/TextureHaven/MedievalBlocks/T_MedievalBlocks_Albedo.ubulk" 1470
"../../../Engine/Plugins/Marketplace/VoxelFree_5.4/Content/Examples/Shared/Textures/TextureHaven/MedievalBlocks/T_MedievalBlocks_Albedo.uasset" 1471
"../../../Engine/Plugins/Marketplace/VoxelFree_5.4/Content/Examples/Shared/Textures/TextureHaven/MedievalBlocks/T_MedievalBlocks_Albedo.uexp" 1472
"../../../Engine/Plugins/Marketplace/VoxelFree_5.4/Content/Examples/Shared/Textures/TextureHaven/MedievalBlocks/T_MedievalBlocks_Height.ubulk" 1473
"../../../Engine/Plugins/Marketplace/VoxelFree_5.4/Content/Examples/Shared/Textures/TextureHaven/MedievalBlocks/T_MedievalBlocks_Height.uasset" 1474
"../../../Engine/Plugins/Marketplace/VoxelFree_5.4/Content/Examples/Shared/Textures/TextureHaven/MedievalBlocks/T_MedievalBlocks_Height.uexp" 1475
"../../../Engine/Plugins/Marketplace/VoxelFree_5.4/Content/Examples/Shared/Textures/TextureHaven/MedievalBlocks/T_MedievalBlocks_Normal.ubulk" 1476
"../../../Engine/Plugins/Marketplace/VoxelFree_5.4/Content/Examples/Shared/Textures/TextureHaven/MedievalBlocks/T_MedievalBlocks_Normal.uasset" 1477
"../../../Engine/Plugins/Marketplace/VoxelFree_5.4/Content/Examples/Shared/Textures/TextureHaven/MedievalBlocks/T_MedievalBlocks_Normal.uexp" 1478
"../../../Engine/Plugins/Marketplace/VoxelFree_5.4/Content/Examples/Shared/Textures/TextureHaven/MedievalBlocks/MI_MedievalBlocks.uasset" 1479
"../../../Engine/Plugins/Marketplace/VoxelFree_5.4/Content/Examples/Shared/Textures/TextureHaven/MedievalBlocks/MI_MedievalBlocks.uexp" 1480
"../../../Engine/Plugins/Marketplace/VoxelFree_5.4/Content/Examples/Shared/Textures/TextureHaven/BrownMudRocks/T_BrownMudRocks_Arm.ubulk" 1481
"../../../Engine/Plugins/Marketplace/VoxelFree_5.4/Content/Examples/Shared/Textures/TextureHaven/BrownMudRocks/T_BrownMudRocks_Arm.uasset" 1482
"../../../Engine/Plugins/Marketplace/VoxelFree_5.4/Content/Examples/Shared/Textures/TextureHaven/BrownMudRocks/T_BrownMudRocks_Arm.uexp" 1483
"../../../Engine/Plugins/Marketplace/VoxelFree_5.4/Content/Examples/Shared/Textures/TextureHaven/BrownMudRocks/T_BrownMudRocks_Normal.ubulk" 1484
"../../../Engine/Plugins/Marketplace/VoxelFree_5.4/Content/Examples/Shared/Textures/TextureHaven/BrownMudRocks/T_BrownMudRocks_Normal.uasset" 1485
"../../../Engine/Plugins/Marketplace/VoxelFree_5.4/Content/Examples/Shared/Textures/TextureHaven/BrownMudRocks/T_BrownMudRocks_Normal.uexp" 1486
"../../../Engine/Plugins/Marketplace/VoxelFree_5.4/Content/Examples/Shared/Textures/TextureHaven/BrownMudRocks/T_BrownMudRocks_Height.ubulk" 1487
"../../../Engine/Plugins/Marketplace/VoxelFree_5.4/Content/Examples/Shared/Textures/TextureHaven/BrownMudRocks/T_BrownMudRocks_Height.uasset" 1488
"../../../Engine/Plugins/Marketplace/VoxelFree_5.4/Content/Examples/Shared/Textures/TextureHaven/BrownMudRocks/T_BrownMudRocks_Height.uexp" 1489
"../../../Engine/Plugins/Marketplace/VoxelFree_5.4/Content/Examples/Shared/Textures/TextureHaven/BrownMudRocks/T_BrownMudRocks_Albedo.ubulk" 1490
"../../../Engine/Plugins/Marketplace/VoxelFree_5.4/Content/Examples/Shared/Textures/TextureHaven/BrownMudRocks/T_BrownMudRocks_Albedo.uasset" 1491
"../../../Engine/Plugins/Marketplace/VoxelFree_5.4/Content/Examples/Shared/Textures/TextureHaven/BrownMudRocks/T_BrownMudRocks_Albedo.uexp" 1492
"../../../Engine/Plugins/Marketplace/VoxelFree_5.4/Content/Examples/Shared/Textures/TextureHaven/BrownMudRocks/MI_BrownMudRocks.uasset" 1493
"../../../Engine/Plugins/Marketplace/VoxelFree_5.4/Content/Examples/Shared/Textures/TextureHaven/BrownMudRocks/MI_BrownMudRocks.uexp" 1494
"../../../Engine/Content/Functions/Engine_MaterialFunctions02/Texturing/HeightLerp.uasset" 1495
"../../../Engine/Content/Functions/Engine_MaterialFunctions02/Texturing/HeightLerp.uexp" 1496
"../../../Engine/Plugins/Marketplace/VoxelFree_5.4/Content/Examples/Materials/Quixel/MF_VoxelQuixelStaticSwitch.uasset" 1497
"../../../Engine/Plugins/Marketplace/VoxelFree_5.4/Content/Examples/Materials/Quixel/MF_VoxelQuixelStaticSwitch.uexp" 1498
"../../../Engine/Content/Functions/Engine_MaterialFunctions02/Utility/BreakOutFloat4Components.uasset" 1499
"../../../Engine/Content/Functions/Engine_MaterialFunctions02/Utility/BreakOutFloat4Components.uexp" 1500
"../../../Engine/Plugins/Marketplace/VoxelFree_5.4/Content/MaterialHelpers/Voxel_GetMultiIndexBlends.uasset" 1501
"../../../Engine/Plugins/Marketplace/VoxelFree_5.4/Content/MaterialHelpers/Voxel_GetMultiIndexBlends.uexp" 1502
"../../../Engine/Plugins/Marketplace/VoxelFree_5.4/Content/Examples/Materials/Quixel/MF_VoxelQuixelHeightBlend.uasset" 1503
"../../../Engine/Plugins/Marketplace/VoxelFree_5.4/Content/Examples/Materials/Quixel/MF_VoxelQuixelHeightBlend.uexp" 1504
"../../../Engine/Plugins/Marketplace/VoxelFree_5.4/Content/MaterialHelpers/Voxel_GetMultiIndexWetness.uasset" 1505
"../../../Engine/Plugins/Marketplace/VoxelFree_5.4/Content/MaterialHelpers/Voxel_GetMultiIndexWetness.uexp" 1506
"../../../Engine/Plugins/Marketplace/VoxelFree_5.4/Content/MaterialHelpers/Voxel_LocalNormal.uasset" 1507
"../../../Engine/Plugins/Marketplace/VoxelFree_5.4/Content/MaterialHelpers/Voxel_LocalNormal.uexp" 1508
"../../../Engine/Plugins/Marketplace/VoxelFree_5.4/Content/Examples/Materials/Quixel/MF_VoxelQuixelCollection.uasset" 1509
"../../../Engine/Plugins/Marketplace/VoxelFree_5.4/Content/Examples/Materials/Quixel/MF_VoxelQuixelCollection.uexp" 1510
"../../../Engine/Plugins/Marketplace/VoxelFree_5.4/Content/Examples/Materials/Quixel/MS_VoxelQuixelCollection.uasset" 1511
"../../../Engine/Plugins/Marketplace/VoxelFree_5.4/Content/Examples/Materials/Quixel/MS_VoxelQuixelCollection.uexp" 1512
"../../../Engine/Plugins/Marketplace/VoxelFree_5.4/Content/Examples/Materials/Quixel/MI_VoxelQuixelCollection.uasset" 1513
"../../../Engine/Plugins/Marketplace/VoxelFree_5.4/Content/Examples/Materials/Quixel/MI_VoxelQuixelCollection.uexp" 1514
"../../../Engine/Plugins/Marketplace/VoxelFree_5.4/Content/Examples/Materials/Quixel/MCT_Quixel.uasset" 1515
"../../../Engine/Plugins/Marketplace/VoxelFree_5.4/Content/Examples/Materials/Quixel/MCT_Quixel.uexp" 1516
"../../../Engine/Plugins/Marketplace/VoxelFree_5.4/Content/Examples/Shared/Textures/TextureHaven/RockGround/T_RockGround_Normal.ubulk" 1517
"../../../Engine/Plugins/Marketplace/VoxelFree_5.4/Content/Examples/Shared/Textures/TextureHaven/RockGround/T_RockGround_Normal.uasset" 1518
"../../../Engine/Plugins/Marketplace/VoxelFree_5.4/Content/Examples/Shared/Textures/TextureHaven/RockGround/T_RockGround_Normal.uexp" 1519
"../../../Engine/Plugins/Marketplace/VoxelFree_5.4/Content/Examples/Shared/Textures/TextureHaven/RockGround/T_RockGround_Height.ubulk" 1520
"../../../Engine/Plugins/Marketplace/VoxelFree_5.4/Content/Examples/Shared/Textures/TextureHaven/RockGround/T_RockGround_Height.uasset" 1521
"../../../Engine/Plugins/Marketplace/VoxelFree_5.4/Content/Examples/Shared/Textures/TextureHaven/RockGround/T_RockGround_Height.uexp" 1522
"../../../Engine/Plugins/Marketplace/VoxelFree_5.4/Content/Examples/Shared/Textures/TextureHaven/RockGround/T_RockGround_ARM.ubulk" 1523
"../../../Engine/Plugins/Marketplace/VoxelFree_5.4/Content/Examples/Shared/Textures/TextureHaven/RockGround/T_RockGround_ARM.uasset" 1524
"../../../Engine/Plugins/Marketplace/VoxelFree_5.4/Content/Examples/Shared/Textures/TextureHaven/RockGround/T_RockGround_ARM.uexp" 1525
"../../../Engine/Plugins/Marketplace/VoxelFree_5.4/Content/Examples/Shared/Textures/TextureHaven/RockGround/T_RockGround_Albedo.ubulk" 1526
"../../../Engine/Plugins/Marketplace/VoxelFree_5.4/Content/Examples/Shared/Textures/TextureHaven/RockGround/T_RockGround_Albedo.uasset" 1527
"../../../Engine/Plugins/Marketplace/VoxelFree_5.4/Content/Examples/Shared/Textures/TextureHaven/RockGround/T_RockGround_Albedo.uexp" 1528
"../../../Engine/Plugins/Marketplace/VoxelFree_5.4/Content/Examples/Shared/Textures/TextureHaven/RockGround/MI_RockGround.uasset" 1529
"../../../Engine/Plugins/Marketplace/VoxelFree_5.4/Content/Examples/Shared/Textures/TextureHaven/RockGround/MI_RockGround.uexp" 1530
"../../../Engine/Plugins/Marketplace/VoxelFree_5.4/Content/Examples/Shared/Textures/TextureHaven/ConcreteFloor/T_ConcreteFloor_Albedo.ubulk" 1531
"../../../Engine/Plugins/Marketplace/VoxelFree_5.4/Content/Examples/Shared/Textures/TextureHaven/ConcreteFloor/T_ConcreteFloor_Albedo.uasset" 1532
"../../../Engine/Plugins/Marketplace/VoxelFree_5.4/Content/Examples/Shared/Textures/TextureHaven/ConcreteFloor/T_ConcreteFloor_Albedo.uexp" 1533
"../../../Engine/Plugins/Marketplace/VoxelFree_5.4/Content/Examples/Shared/Textures/TextureHaven/ConcreteFloor/T_ConcreteFloor_ARM.ubulk" 1534
"../../../Engine/Plugins/Marketplace/VoxelFree_5.4/Content/Examples/Shared/Textures/TextureHaven/ConcreteFloor/T_ConcreteFloor_ARM.uasset" 1535
"../../../Engine/Plugins/Marketplace/VoxelFree_5.4/Content/Examples/Shared/Textures/TextureHaven/ConcreteFloor/T_ConcreteFloor_ARM.uexp" 1536
"../../../Engine/Plugins/Marketplace/VoxelFree_5.4/Content/Examples/Shared/Textures/TextureHaven/ConcreteFloor/T_ConcreteFloor_Normal.ubulk" 1537
"../../../Engine/Plugins/Marketplace/VoxelFree_5.4/Content/Examples/Shared/Textures/TextureHaven/ConcreteFloor/T_ConcreteFloor_Normal.uasset" 1538
"../../../Engine/Plugins/Marketplace/VoxelFree_5.4/Content/Examples/Shared/Textures/TextureHaven/ConcreteFloor/T_ConcreteFloor_Normal.uexp" 1539
"../../../Engine/Plugins/Marketplace/VoxelFree_5.4/Content/Examples/Shared/Textures/TextureHaven/ConcreteFloor/T_ConcreteFloor_Height.ubulk" 1540
"../../../Engine/Plugins/Marketplace/VoxelFree_5.4/Content/Examples/Shared/Textures/TextureHaven/ConcreteFloor/T_ConcreteFloor_Height.uasset" 1541
"../../../Engine/Plugins/Marketplace/VoxelFree_5.4/Content/Examples/Shared/Textures/TextureHaven/ConcreteFloor/T_ConcreteFloor_Height.uexp" 1542
"../../../Engine/Plugins/Marketplace/VoxelFree_5.4/Content/Examples/Shared/Textures/TextureHaven/ConcreteFloor/MI_ConcreteFloor.uasset" 1543
"../../../Engine/Plugins/Marketplace/VoxelFree_5.4/Content/Examples/Shared/Textures/TextureHaven/ConcreteFloor/MI_ConcreteFloor.uexp" 1544
"../../../Engine/Plugins/Marketplace/VoxelFree_5.4/Content/Examples/Shared/Textures/TextureHaven/AerialGrassRock/T_AerialGrassRock_Height.ubulk" 1545
"../../../Engine/Plugins/Marketplace/VoxelFree_5.4/Content/Examples/Shared/Textures/TextureHaven/AerialGrassRock/T_AerialGrassRock_Height.uasset" 1546
"../../../Engine/Plugins/Marketplace/VoxelFree_5.4/Content/Examples/Shared/Textures/TextureHaven/AerialGrassRock/T_AerialGrassRock_Height.uexp" 1547
"../../../Engine/Plugins/Marketplace/VoxelFree_5.4/Content/Examples/Shared/Textures/TextureHaven/AerialGrassRock/T_AerialGrassRock_Normal.ubulk" 1548
"../../../Engine/Plugins/Marketplace/VoxelFree_5.4/Content/Examples/Shared/Textures/TextureHaven/AerialGrassRock/T_AerialGrassRock_Normal.uasset" 1549
"../../../Engine/Plugins/Marketplace/VoxelFree_5.4/Content/Examples/Shared/Textures/TextureHaven/AerialGrassRock/T_AerialGrassRock_Normal.uexp" 1550
"../../../Engine/Plugins/Marketplace/VoxelFree_5.4/Content/Examples/Shared/Textures/TextureHaven/AerialGrassRock/T_AerialGrassRock_Albedo.ubulk" 1551
"../../../Engine/Plugins/Marketplace/VoxelFree_5.4/Content/Examples/Shared/Textures/TextureHaven/AerialGrassRock/T_AerialGrassRock_Albedo.uasset" 1552
"../../../Engine/Plugins/Marketplace/VoxelFree_5.4/Content/Examples/Shared/Textures/TextureHaven/AerialGrassRock/T_AerialGrassRock_Albedo.uexp" 1553
"../../../Engine/Plugins/Marketplace/VoxelFree_5.4/Content/Examples/Shared/Textures/TextureHaven/AerialGrassRock/T_AerialGrassRock_ARM.ubulk" 1554
"../../../Engine/Plugins/Marketplace/VoxelFree_5.4/Content/Examples/Shared/Textures/TextureHaven/AerialGrassRock/T_AerialGrassRock_ARM.uasset" 1555
"../../../Engine/Plugins/Marketplace/VoxelFree_5.4/Content/Examples/Shared/Textures/TextureHaven/AerialGrassRock/T_AerialGrassRock_ARM.uexp" 1556
"../../../Engine/Plugins/Marketplace/VoxelFree_5.4/Content/Examples/Shared/Textures/TextureHaven/MI_AerialGrassRock_BrownMudRocks.uasset" 1557
"../../../Engine/Plugins/Marketplace/VoxelFree_5.4/Content/Examples/Shared/Textures/TextureHaven/MI_AerialGrassRock_BrownMudRocks.uexp" 1558
"../../../Engine/Plugins/Marketplace/VoxelFree_5.4/Content/Examples/Shared/Textures/TextureHaven/AerialGrassRock/MI_AerialGrassRock.uasset" 1559
"../../../Engine/Plugins/Marketplace/VoxelFree_5.4/Content/Examples/Shared/Textures/TextureHaven/AerialGrassRock/MI_AerialGrassRock.uexp" 1560
"../../../Engine/Plugins/Marketplace/VoxelFree_5.4/Content/Examples/Shared/Textures/TextureHaven/CastleWallSlates/T_CastleWallSlates_Height.ubulk" 1561
"../../../Engine/Plugins/Marketplace/VoxelFree_5.4/Content/Examples/Shared/Textures/TextureHaven/CastleWallSlates/T_CastleWallSlates_Height.uasset" 1562
"../../../Engine/Plugins/Marketplace/VoxelFree_5.4/Content/Examples/Shared/Textures/TextureHaven/CastleWallSlates/T_CastleWallSlates_Height.uexp" 1563
"../../../Engine/Plugins/Marketplace/VoxelFree_5.4/Content/Examples/Shared/Textures/TextureHaven/CastleWallSlates/T_CastleWallSlates_Albedo.ubulk" 1564
"../../../Engine/Plugins/Marketplace/VoxelFree_5.4/Content/Examples/Shared/Textures/TextureHaven/CastleWallSlates/T_CastleWallSlates_Albedo.uasset" 1565
"../../../Engine/Plugins/Marketplace/VoxelFree_5.4/Content/Examples/Shared/Textures/TextureHaven/CastleWallSlates/T_CastleWallSlates_Albedo.uexp" 1566
"../../../Engine/Plugins/Marketplace/VoxelFree_5.4/Content/Examples/Shared/Textures/TextureHaven/CastleWallSlates/T_CastleWallSlates_Normal.ubulk" 1567
"../../../Engine/Plugins/Marketplace/VoxelFree_5.4/Content/Examples/Shared/Textures/TextureHaven/CastleWallSlates/T_CastleWallSlates_Normal.uasset" 1568
"../../../Engine/Plugins/Marketplace/VoxelFree_5.4/Content/Examples/Shared/Textures/TextureHaven/CastleWallSlates/T_CastleWallSlates_Normal.uexp" 1569
"../../../Engine/Plugins/Marketplace/VoxelFree_5.4/Content/Examples/Shared/Textures/TextureHaven/CastleWallSlates/T_CastleWallSlates_ARM.ubulk" 1570
"../../../Engine/Plugins/Marketplace/VoxelFree_5.4/Content/Examples/Shared/Textures/TextureHaven/CastleWallSlates/T_CastleWallSlates_ARM.uasset" 1571
"../../../Engine/Plugins/Marketplace/VoxelFree_5.4/Content/Examples/Shared/Textures/TextureHaven/CastleWallSlates/T_CastleWallSlates_ARM.uexp" 1572
"../../../Engine/Plugins/Marketplace/VoxelFree_5.4/Content/Examples/Shared/Textures/TextureHaven/CastleWallSlates/MI_CastleWallSlates.uasset" 1573
"../../../Engine/Plugins/Marketplace/VoxelFree_5.4/Content/Examples/Shared/Textures/TextureHaven/CastleWallSlates/MI_CastleWallSlates.uexp" 1574
"../../../Engine/Plugins/Marketplace/VoxelFree_5.4/Content/Examples/Shared/Textures/TextureHaven/Pavement/T_Pavement_Normal.ubulk" 1575
"../../../Engine/Plugins/Marketplace/VoxelFree_5.4/Content/Examples/Shared/Textures/TextureHaven/Pavement/T_Pavement_Normal.uasset" 1576
"../../../Engine/Plugins/Marketplace/VoxelFree_5.4/Content/Examples/Shared/Textures/TextureHaven/Pavement/T_Pavement_Normal.uexp" 1577
"../../../Engine/Plugins/Marketplace/VoxelFree_5.4/Content/Examples/Shared/Textures/TextureHaven/Pavement/T_Pavement_Albedo.ubulk" 1578
"../../../Engine/Plugins/Marketplace/VoxelFree_5.4/Content/Examples/Shared/Textures/TextureHaven/Pavement/T_Pavement_Albedo.uasset" 1579
"../../../Engine/Plugins/Marketplace/VoxelFree_5.4/Content/Examples/Shared/Textures/TextureHaven/Pavement/T_Pavement_Albedo.uexp" 1580
"../../../Engine/Plugins/Marketplace/VoxelFree_5.4/Content/Examples/Shared/Textures/TextureHaven/Pavement/T_Pavement_ARM.ubulk" 1581
"../../../Engine/Plugins/Marketplace/VoxelFree_5.4/Content/Examples/Shared/Textures/TextureHaven/Pavement/T_Pavement_ARM.uasset" 1582
"../../../Engine/Plugins/Marketplace/VoxelFree_5.4/Content/Examples/Shared/Textures/TextureHaven/Pavement/T_Pavement_ARM.uexp" 1583
"../../../Engine/Plugins/Marketplace/VoxelFree_5.4/Content/Examples/Shared/Textures/TextureHaven/Pavement/T_Pavement_Height.ubulk" 1584
"../../../Engine/Plugins/Marketplace/VoxelFree_5.4/Content/Examples/Shared/Textures/TextureHaven/Pavement/T_Pavement_Height.uasset" 1585
"../../../Engine/Plugins/Marketplace/VoxelFree_5.4/Content/Examples/Shared/Textures/TextureHaven/Pavement/T_Pavement_Height.uexp" 1586
"../../../Engine/Plugins/Marketplace/VoxelFree_5.4/Content/Examples/Shared/Textures/TextureHaven/Pavement/MI_Pavement.uasset" 1587
"../../../Engine/Plugins/Marketplace/VoxelFree_5.4/Content/Examples/Shared/Textures/TextureHaven/Pavement/MI_Pavement.uexp" 1588
"../../../Engine/Plugins/Marketplace/VoxelFree_5.4/Content/Examples/Shared/Textures/TextureHaven/CoralMud/T_CoralMud_Normal.ubulk" 1589
"../../../Engine/Plugins/Marketplace/VoxelFree_5.4/Content/Examples/Shared/Textures/TextureHaven/CoralMud/T_CoralMud_Normal.uasset" 1590
"../../../Engine/Plugins/Marketplace/VoxelFree_5.4/Content/Examples/Shared/Textures/TextureHaven/CoralMud/T_CoralMud_Normal.uexp" 1591
"../../../Engine/Plugins/Marketplace/VoxelFree_5.4/Content/Examples/Shared/Textures/TextureHaven/CoralMud/T_CoralMud_ARM.ubulk" 1592
"../../../Engine/Plugins/Marketplace/VoxelFree_5.4/Content/Examples/Shared/Textures/TextureHaven/CoralMud/T_CoralMud_ARM.uasset" 1593
"../../../Engine/Plugins/Marketplace/VoxelFree_5.4/Content/Examples/Shared/Textures/TextureHaven/CoralMud/T_CoralMud_ARM.uexp" 1594
"../../../Engine/Plugins/Marketplace/VoxelFree_5.4/Content/Examples/Shared/Textures/TextureHaven/CoralMud/T_CoralMud_Albedo.ubulk" 1595
"../../../Engine/Plugins/Marketplace/VoxelFree_5.4/Content/Examples/Shared/Textures/TextureHaven/CoralMud/T_CoralMud_Albedo.uasset" 1596
"../../../Engine/Plugins/Marketplace/VoxelFree_5.4/Content/Examples/Shared/Textures/TextureHaven/CoralMud/T_CoralMud_Albedo.uexp" 1597
"../../../Engine/Plugins/Marketplace/VoxelFree_5.4/Content/Examples/Shared/Textures/TextureHaven/CoralMud/T_CoralMud_Height.ubulk" 1598
"../../../Engine/Plugins/Marketplace/VoxelFree_5.4/Content/Examples/Shared/Textures/TextureHaven/CoralMud/T_CoralMud_Height.uasset" 1599
"../../../Engine/Plugins/Marketplace/VoxelFree_5.4/Content/Examples/Shared/Textures/TextureHaven/CoralMud/T_CoralMud_Height.uexp" 1600
"../../../Engine/Plugins/Marketplace/VoxelFree_5.4/Content/Examples/Shared/Textures/TextureHaven/CoralMud/MI_CoralMud.uasset" 1601
"../../../Engine/Plugins/Marketplace/VoxelFree_5.4/Content/Examples/Shared/Textures/TextureHaven/CoralMud/MI_CoralMud.uexp" 1602
"../../../Engine/Plugins/Marketplace/VoxelFree_5.4/Content/Examples/Materials/Quixel/MC_Quixel.uasset" 1603
"../../../Engine/Plugins/Marketplace/VoxelFree_5.4/Content/Examples/Materials/Quixel/MC_Quixel.uexp" 1604
"C:/Users/abhij/Documents/Unreal Projects/Dissertation/Content/Characters/Mannequins/Animations/Quinn/MF_Run_Fwd.uasset" 1605
"C:/Users/abhij/Documents/Unreal Projects/Dissertation/Content/Characters/Mannequins/Animations/Quinn/MF_Run_Fwd.uexp" 1606
"C:/Users/abhij/Documents/Unreal Projects/Dissertation/Content/Characters/Mannequins/Animations/Quinn/MF_Walk_Fwd.uasset" 1607
"C:/Users/abhij/Documents/Unreal Projects/Dissertation/Content/Characters/Mannequins/Animations/Quinn/MF_Walk_Fwd.uexp" 1608
"../../../Engine/Content/Animation/DefaultRecorderBoneCompression.uasset" 1609
"../../../Engine/Content/Animation/DefaultRecorderBoneCompression.uexp" 1610
"C:/Users/abhij/Documents/Unreal Projects/Dissertation/Content/Characters/Mannequins/Animations/Manny/MM_Walk_InPlace.uasset" 1611
"C:/Users/abhij/Documents/Unreal Projects/Dissertation/Content/Characters/Mannequins/Animations/Manny/MM_Walk_InPlace.uexp" 1612
"C:/Users/abhij/Documents/Unreal Projects/Dissertation/Content/Characters/Mannequins/Animations/Quinn/BS_MF_Unarmed_WalkRun.uasset" 1613
"C:/Users/abhij/Documents/Unreal Projects/Dissertation/Content/Characters/Mannequins/Animations/Quinn/BS_MF_Unarmed_WalkRun.uexp" 1614
"C:/Users/abhij/Documents/Unreal Projects/Dissertation/Content/Characters/Mannequins/Animations/Quinn/MF_Idle.uasset" 1615
"C:/Users/abhij/Documents/Unreal Projects/Dissertation/Content/Characters/Mannequins/Animations/Quinn/MF_Idle.uexp" 1616
"../../../Engine/Content/Animation/DefaultVariableFrameStrippingSettings.uasset" 1617
"../../../Engine/Content/Animation/DefaultVariableFrameStrippingSettings.uexp" 1618
"C:/Users/abhij/Documents/Unreal Projects/Dissertation/Content/Characters/Mannequins/Animations/Manny/MM_Fall_Loop.uasset" 1619
"C:/Users/abhij/Documents/Unreal Projects/Dissertation/Content/Characters/Mannequins/Animations/Manny/MM_Fall_Loop.uexp" 1620
"C:/Users/abhij/Documents/Unreal Projects/Dissertation/Content/Characters/Mannequins/Animations/Manny/MM_Jump.uasset" 1621
"C:/Users/abhij/Documents/Unreal Projects/Dissertation/Content/Characters/Mannequins/Animations/Manny/MM_Jump.uexp" 1622
"C:/Users/abhij/Documents/Unreal Projects/Dissertation/Content/Characters/Mannequins/Rigs/CR_Mannequin_BasicFootIK.uasset" 1623
"C:/Users/abhij/Documents/Unreal Projects/Dissertation/Content/Characters/Mannequins/Rigs/CR_Mannequin_BasicFootIK.uexp" 1624
"C:/Users/abhij/Documents/Unreal Projects/Dissertation/Content/Characters/Mannequins/Animations/Manny/MM_Run_Fwd.uasset" 1625
"C:/Users/abhij/Documents/Unreal Projects/Dissertation/Content/Characters/Mannequins/Animations/Manny/MM_Run_Fwd.uexp" 1626
"C:/Users/abhij/Documents/Unreal Projects/Dissertation/Content/Characters/Mannequins/Animations/Manny/MM_Walk_Fwd.uasset" 1627
"C:/Users/abhij/Documents/Unreal Projects/Dissertation/Content/Characters/Mannequins/Animations/Manny/MM_Walk_Fwd.uexp" 1628
"C:/Users/abhij/Documents/Unreal Projects/Dissertation/Content/Characters/Mannequins/Animations/Manny/BS_MM_WalkRun.uasset" 1629
"C:/Users/abhij/Documents/Unreal Projects/Dissertation/Content/Characters/Mannequins/Animations/Manny/BS_MM_WalkRun.uexp" 1630
"C:/Users/abhij/Documents/Unreal Projects/Dissertation/Content/Characters/Mannequins/Animations/Manny/MM_Land.uasset" 1631
"C:/Users/abhij/Documents/Unreal Projects/Dissertation/Content/Characters/Mannequins/Animations/Manny/MM_Land.uexp" 1632
"C:/Users/abhij/Documents/Unreal Projects/Dissertation/Content/Characters/Mannequins/Animations/Manny/MM_Idle.uasset" 1633
"C:/Users/abhij/Documents/Unreal Projects/Dissertation/Content/Characters/Mannequins/Animations/Manny/MM_Idle.uexp" 1634
"C:/Users/abhij/Documents/Unreal Projects/Dissertation/Content/Characters/Mannequins/Animations/ABP_Manny.uasset" 1635
"C:/Users/abhij/Documents/Unreal Projects/Dissertation/Content/Characters/Mannequins/Animations/ABP_Manny.uexp" 1636
"C:/Users/abhij/Documents/Unreal Projects/Dissertation/Content/Characters/Mannequins/Animations/ABP_Quinn.uasset" 1637
"C:/Users/abhij/Documents/Unreal Projects/Dissertation/Content/Characters/Mannequins/Animations/ABP_Quinn.uexp" 1638
"C:/Users/abhij/Documents/Unreal Projects/Dissertation/Content/Characters/Mannequins/Rigs/Poses/Quinn/Quinn_foot_l_anim.uasset" 1639
"C:/Users/abhij/Documents/Unreal Projects/Dissertation/Content/Characters/Mannequins/Rigs/Poses/Quinn/Quinn_foot_l_anim.uexp" 1640
"C:/Users/abhij/Documents/Unreal Projects/Dissertation/Content/Characters/Mannequins/Rigs/Poses/Quinn/Quinn_foot_l_pose.uasset" 1641
"C:/Users/abhij/Documents/Unreal Projects/Dissertation/Content/Characters/Mannequins/Rigs/Poses/Quinn/Quinn_foot_l_pose.uexp" 1642
"C:/Users/abhij/Documents/Unreal Projects/Dissertation/Content/Characters/Mannequins/Rigs/Poses/Quinn/Quinn_clavicle_l_anim.uasset" 1643
"C:/Users/abhij/Documents/Unreal Projects/Dissertation/Content/Characters/Mannequins/Rigs/Poses/Quinn/Quinn_clavicle_l_anim.uexp" 1644
"C:/Users/abhij/Documents/Unreal Projects/Dissertation/Content/Characters/Mannequins/Rigs/Poses/Quinn/Quinn_clavicle_l_pose.uasset" 1645
"C:/Users/abhij/Documents/Unreal Projects/Dissertation/Content/Characters/Mannequins/Rigs/Poses/Quinn/Quinn_clavicle_l_pose.uexp" 1646
"C:/Users/abhij/Documents/Unreal Projects/Dissertation/Content/Characters/Mannequins/Rigs/Poses/Quinn/Quinn_clavicle_r_anim.uasset" 1647
"C:/Users/abhij/Documents/Unreal Projects/Dissertation/Content/Characters/Mannequins/Rigs/Poses/Quinn/Quinn_clavicle_r_anim.uexp" 1648
"C:/Users/abhij/Documents/Unreal Projects/Dissertation/Content/Characters/Mannequins/Rigs/Poses/Quinn/Quinn_clavicle_r_pose.uasset" 1649
"C:/Users/abhij/Documents/Unreal Projects/Dissertation/Content/Characters/Mannequins/Rigs/Poses/Quinn/Quinn_clavicle_r_pose.uexp" 1650
"C:/Users/abhij/Documents/Unreal Projects/Dissertation/Content/Characters/Mannequins/Rigs/Poses/Quinn/Quinn_upperarm_l_anim.uasset" 1651
"C:/Users/abhij/Documents/Unreal Projects/Dissertation/Content/Characters/Mannequins/Rigs/Poses/Quinn/Quinn_upperarm_l_anim.uexp" 1652
"C:/Users/abhij/Documents/Unreal Projects/Dissertation/Content/Characters/Mannequins/Rigs/Poses/Quinn/Quinn_upperarm_l_pose.uasset" 1653
"C:/Users/abhij/Documents/Unreal Projects/Dissertation/Content/Characters/Mannequins/Rigs/Poses/Quinn/Quinn_upperarm_l_pose.uexp" 1654
"C:/Users/abhij/Documents/Unreal Projects/Dissertation/Content/Characters/Mannequins/Rigs/Poses/Quinn/Quinn_lowerarm_l_anim.uasset" 1655
"C:/Users/abhij/Documents/Unreal Projects/Dissertation/Content/Characters/Mannequins/Rigs/Poses/Quinn/Quinn_lowerarm_l_anim.uexp" 1656
"C:/Users/abhij/Documents/Unreal Projects/Dissertation/Content/Characters/Mannequins/Rigs/Poses/Quinn/Quinn_lowerarm_l_pose.uasset" 1657
"C:/Users/abhij/Documents/Unreal Projects/Dissertation/Content/Characters/Mannequins/Rigs/Poses/Quinn/Quinn_lowerarm_l_pose.uexp" 1658
"C:/Users/abhij/Documents/Unreal Projects/Dissertation/Content/Characters/Mannequins/Rigs/Poses/Quinn/Quinn_calf_l_anim.uasset" 1659
"C:/Users/abhij/Documents/Unreal Projects/Dissertation/Content/Characters/Mannequins/Rigs/Poses/Quinn/Quinn_calf_l_anim.uexp" 1660
"C:/Users/abhij/Documents/Unreal Projects/Dissertation/Content/Characters/Mannequins/Rigs/Poses/Quinn/Quinn_calf_l_pose.uasset" 1661
"C:/Users/abhij/Documents/Unreal Projects/Dissertation/Content/Characters/Mannequins/Rigs/Poses/Quinn/Quinn_calf_l_pose.uexp" 1662
"C:/Users/abhij/Documents/Unreal Projects/Dissertation/Content/Characters/Mannequins/Rigs/Poses/Quinn/Quinn_upperarm_r_anim.uasset" 1663
"C:/Users/abhij/Documents/Unreal Projects/Dissertation/Content/Characters/Mannequins/Rigs/Poses/Quinn/Quinn_upperarm_r_anim.uexp" 1664
"C:/Users/abhij/Documents/Unreal Projects/Dissertation/Content/Characters/Mannequins/Rigs/Poses/Quinn/Quinn_upperarm_r_pose.uasset" 1665
"C:/Users/abhij/Documents/Unreal Projects/Dissertation/Content/Characters/Mannequins/Rigs/Poses/Quinn/Quinn_upperarm_r_pose.uexp" 1666
"C:/Users/abhij/Documents/Unreal Projects/Dissertation/Content/Characters/Mannequins/Rigs/Poses/Quinn/Quinn_calf_r_anim.uasset" 1667
"C:/Users/abhij/Documents/Unreal Projects/Dissertation/Content/Characters/Mannequins/Rigs/Poses/Quinn/Quinn_calf_r_anim.uexp" 1668
"C:/Users/abhij/Documents/Unreal Projects/Dissertation/Content/Characters/Mannequins/Rigs/Poses/Quinn/Quinn_calf_r_pose.uasset" 1669
"C:/Users/abhij/Documents/Unreal Projects/Dissertation/Content/Characters/Mannequins/Rigs/Poses/Quinn/Quinn_calf_r_pose.uexp" 1670
"C:/Users/abhij/Documents/Unreal Projects/Dissertation/Content/Characters/Mannequins/Rigs/Poses/Quinn/Quinn_foot_r_anim.uasset" 1671
"C:/Users/abhij/Documents/Unreal Projects/Dissertation/Content/Characters/Mannequins/Rigs/Poses/Quinn/Quinn_foot_r_anim.uexp" 1672
"C:/Users/abhij/Documents/Unreal Projects/Dissertation/Content/Characters/Mannequins/Rigs/Poses/Quinn/Quinn_foot_r_pose.uasset" 1673
"C:/Users/abhij/Documents/Unreal Projects/Dissertation/Content/Characters/Mannequins/Rigs/Poses/Quinn/Quinn_foot_r_pose.uexp" 1674
"C:/Users/abhij/Documents/Unreal Projects/Dissertation/Content/Characters/Mannequins/Rigs/Poses/Quinn/Quinn_lowerarm_r_anim.uasset" 1675
"C:/Users/abhij/Documents/Unreal Projects/Dissertation/Content/Characters/Mannequins/Rigs/Poses/Quinn/Quinn_lowerarm_r_anim.uexp" 1676
"C:/Users/abhij/Documents/Unreal Projects/Dissertation/Content/Characters/Mannequins/Rigs/Poses/Quinn/Quinn_lowerarm_r_pose.uasset" 1677
"C:/Users/abhij/Documents/Unreal Projects/Dissertation/Content/Characters/Mannequins/Rigs/Poses/Quinn/Quinn_lowerarm_r_pose.uexp" 1678
"C:/Users/abhij/Documents/Unreal Projects/Dissertation/Content/Characters/Mannequins/Rigs/Poses/Quinn/Quinn_thigh_l_anim.uasset" 1679
"C:/Users/abhij/Documents/Unreal Projects/Dissertation/Content/Characters/Mannequins/Rigs/Poses/Quinn/Quinn_thigh_l_anim.uexp" 1680
"C:/Users/abhij/Documents/Unreal Projects/Dissertation/Content/Characters/Mannequins/Rigs/Poses/Quinn/Quinn_thigh_l_pose.uasset" 1681
"C:/Users/abhij/Documents/Unreal Projects/Dissertation/Content/Characters/Mannequins/Rigs/Poses/Quinn/Quinn_thigh_l_pose.uexp" 1682
"C:/Users/abhij/Documents/Unreal Projects/Dissertation/Content/Characters/Mannequins/Rigs/Poses/Quinn/Quinn_thigh_r_anim.uasset" 1683
"C:/Users/abhij/Documents/Unreal Projects/Dissertation/Content/Characters/Mannequins/Rigs/Poses/Quinn/Quinn_thigh_r_anim.uexp" 1684
"C:/Users/abhij/Documents/Unreal Projects/Dissertation/Content/Characters/Mannequins/Rigs/Poses/Quinn/Quinn_thigh_r_pose.uasset" 1685
"C:/Users/abhij/Documents/Unreal Projects/Dissertation/Content/Characters/Mannequins/Rigs/Poses/Quinn/Quinn_thigh_r_pose.uexp" 1686
"C:/Users/abhij/Documents/Unreal Projects/Dissertation/Content/Characters/Mannequins/Rigs/Poses/Quinn/Quinn_hand_l_anim.uasset" 1687
"C:/Users/abhij/Documents/Unreal Projects/Dissertation/Content/Characters/Mannequins/Rigs/Poses/Quinn/Quinn_hand_l_anim.uexp" 1688
"C:/Users/abhij/Documents/Unreal Projects/Dissertation/Content/Characters/Mannequins/Rigs/Poses/Quinn/Quinn_hand_l_pose.uasset" 1689
"C:/Users/abhij/Documents/Unreal Projects/Dissertation/Content/Characters/Mannequins/Rigs/Poses/Quinn/Quinn_hand_l_pose.uexp" 1690
"C:/Users/abhij/Documents/Unreal Projects/Dissertation/Content/Characters/Mannequins/Rigs/Poses/Quinn/Quinn_hand_r_anim.uasset" 1691
"C:/Users/abhij/Documents/Unreal Projects/Dissertation/Content/Characters/Mannequins/Rigs/Poses/Quinn/Quinn_hand_r_anim.uexp" 1692
"C:/Users/abhij/Documents/Unreal Projects/Dissertation/Content/Characters/Mannequins/Rigs/Poses/Quinn/Quinn_hand_r_pose.uasset" 1693
"C:/Users/abhij/Documents/Unreal Projects/Dissertation/Content/Characters/Mannequins/Rigs/Poses/Quinn/Quinn_hand_r_pose.uexp" 1694
"C:/Users/abhij/Documents/Unreal Projects/Dissertation/Content/Characters/Mannequins/Rigs/ABP_Quinn_PostProcess.uasset" 1695
"C:/Users/abhij/Documents/Unreal Projects/Dissertation/Content/Characters/Mannequins/Rigs/ABP_Quinn_PostProcess.uexp" 1696
"C:/Users/abhij/Documents/Unreal Projects/Dissertation/Content/Characters/Mannequins/Meshes/SKM_Quinn.uasset" 1697
"C:/Users/abhij/Documents/Unreal Projects/Dissertation/Content/Characters/Mannequins/Meshes/SKM_Quinn.uexp" 1698
"C:/Users/abhij/Documents/Unreal Projects/Dissertation/Content/BP_BossEnemy.uasset" 1699
"C:/Users/abhij/Documents/Unreal Projects/Dissertation/Content/BP_BossEnemy.uexp" 1700
"C:/Users/abhij/Documents/Unreal Projects/Dissertation/Content/Bat/bat_animflapping_Skeleton.uasset" 1701
"C:/Users/abhij/Documents/Unreal Projects/Dissertation/Content/Bat/bat_animflapping_Skeleton.uexp" 1702
"../../../Engine/Plugins/Animation/ACLPlugin/Content/ACLAnimBoneCompressionSettings.uasset" 1703
"../../../Engine/Plugins/Animation/ACLPlugin/Content/ACLAnimBoneCompressionSettings.uexp" 1704
"../../../Engine/Plugins/Animation/ACLPlugin/Content/ACLAnimCurveCompressionSettings.uasset" 1705
"../../../Engine/Plugins/Animation/ACLPlugin/Content/ACLAnimCurveCompressionSettings.uexp" 1706
"C:/Users/abhij/Documents/Unreal Projects/Dissertation/Content/Bat/bat_animflapping_Anim.uasset" 1707
"C:/Users/abhij/Documents/Unreal Projects/Dissertation/Content/Bat/bat_animflapping_Anim.uexp" 1708
"../../../Engine/Plugins/Enterprise/DatasmithContent/Content/Materials/Arealight.uasset" 1709
"../../../Engine/Plugins/Enterprise/DatasmithContent/Content/Materials/Arealight.uexp" 1710
"C:/Users/abhij/Documents/Unreal Projects/Dissertation/Content/StarterContent/Shapes/Shape_Sphere.ubulk" 1711
"C:/Users/abhij/Documents/Unreal Projects/Dissertation/Content/StarterContent/Shapes/Shape_Sphere.uasset" 1712
"C:/Users/abhij/Documents/Unreal Projects/Dissertation/Content/StarterContent/Shapes/Shape_Sphere.uexp" 1713
"C:/Users/abhij/Documents/Unreal Projects/Dissertation/Content/Bat/Murcielago_body.ubulk" 1714
"C:/Users/abhij/Documents/Unreal Projects/Dissertation/Content/Bat/Murcielago_body.uasset" 1715
"C:/Users/abhij/Documents/Unreal Projects/Dissertation/Content/Bat/Murcielago_body.uexp" 1716
"C:/Users/abhij/Documents/Unreal Projects/Dissertation/Content/Bat/Bat_body_mtl.uasset" 1717
"C:/Users/abhij/Documents/Unreal Projects/Dissertation/Content/Bat/Bat_body_mtl.uexp" 1718
"C:/Users/abhij/Documents/Unreal Projects/Dissertation/Content/Bat/bat_animflapping_PhysicsAsset.uasset" 1719
"C:/Users/abhij/Documents/Unreal Projects/Dissertation/Content/Bat/bat_animflapping_PhysicsAsset.uexp" 1720
"C:/Users/abhij/Documents/Unreal Projects/Dissertation/Content/Bat/Murcielago_ojo.ubulk" 1721
"C:/Users/abhij/Documents/Unreal Projects/Dissertation/Content/Bat/Murcielago_ojo.uasset" 1722
"C:/Users/abhij/Documents/Unreal Projects/Dissertation/Content/Bat/Murcielago_ojo.uexp" 1723
"C:/Users/abhij/Documents/Unreal Projects/Dissertation/Content/Bat/Bat_eye_mtl.uasset" 1724
"C:/Users/abhij/Documents/Unreal Projects/Dissertation/Content/Bat/Bat_eye_mtl.uexp" 1725
"C:/Users/abhij/Documents/Unreal Projects/Dissertation/Content/Bat/bat_animflapping.uasset" 1726
"C:/Users/abhij/Documents/Unreal Projects/Dissertation/Content/Bat/bat_animflapping.uexp" 1727
"C:/Users/abhij/Documents/Unreal Projects/Dissertation/Content/BP_FlyingEnemy.uasset" 1728
"C:/Users/abhij/Documents/Unreal Projects/Dissertation/Content/BP_FlyingEnemy.uexp" 1729
"../../../Engine/Content/EngineMeshes/MaterialSphere.ubulk" 1730
"../../../Engine/Content/EngineMeshes/MaterialSphere.uasset" 1731
"../../../Engine/Content/EngineMeshes/MaterialSphere.uexp" 1732
"C:/Users/abhij/Documents/Unreal Projects/Dissertation/Content/Characters/Mannequins/Meshes/SKM_Manny_Simple.uasset" 1733
"C:/Users/abhij/Documents/Unreal Projects/Dissertation/Content/Characters/Mannequins/Meshes/SKM_Manny_Simple.uexp" 1734
"C:/Users/abhij/Documents/Unreal Projects/Dissertation/Content/BP_MeleeEnemy.uasset" 1735
"C:/Users/abhij/Documents/Unreal Projects/Dissertation/Content/BP_MeleeEnemy.uexp" 1736
"../../../Engine/Content/EngineMeshes/Cube.ubulk" 1737
"../../../Engine/Content/EngineMeshes/Cube.uasset" 1738
"../../../Engine/Content/EngineMeshes/Cube.uexp" 1739
"C:/Users/abhij/Documents/Unreal Projects/Dissertation/Content/WBP_DamageText.uasset" 1740
"C:/Users/abhij/Documents/Unreal Projects/Dissertation/Content/WBP_DamageText.uexp" 1741
"C:/Users/abhij/Documents/Unreal Projects/Dissertation/Content/BP_DamageTextActor.uasset" 1742
"C:/Users/abhij/Documents/Unreal Projects/Dissertation/Content/BP_DamageTextActor.uexp" 1743
"C:/Users/abhij/Documents/Unreal Projects/Dissertation/Content/WBP_DefeatScreen.uasset" 1744
"C:/Users/abhij/Documents/Unreal Projects/Dissertation/Content/WBP_DefeatScreen.uexp" 1745
"C:/Users/abhij/Documents/Unreal Projects/Dissertation/Content/Characters/Mannequin_UE4/Textures/T_UELogo_N_TGA.ubulk" 1746
"C:/Users/abhij/Documents/Unreal Projects/Dissertation/Content/Characters/Mannequin_UE4/Textures/T_UELogo_N_TGA.uasset" 1747
"C:/Users/abhij/Documents/Unreal Projects/Dissertation/Content/Characters/Mannequin_UE4/Textures/T_UELogo_N_TGA.uexp" 1748
"C:/Users/abhij/Documents/Unreal Projects/Dissertation/Content/Characters/Mannequin_UE4/Textures/T_UE4_Mannequin__normals.ubulk" 1749
"C:/Users/abhij/Documents/Unreal Projects/Dissertation/Content/Characters/Mannequin_UE4/Textures/T_UE4_Mannequin__normals.uasset" 1750
"C:/Users/abhij/Documents/Unreal Projects/Dissertation/Content/Characters/Mannequin_UE4/Textures/T_UE4_Mannequin__normals.uexp" 1751
"C:/Users/abhij/Documents/Unreal Projects/Dissertation/Content/Characters/Mannequin_UE4/Materials/Layers/ML_ShinyPlastic_Beige.uasset" 1752
"C:/Users/abhij/Documents/Unreal Projects/Dissertation/Content/Characters/Mannequin_UE4/Materials/Layers/ML_ShinyPlastic_Beige.uexp" 1753
"../../../Engine/Content/Functions/MaterialLayerFunctions/MatLayerBlend_NormalBlend.uasset" 1754
"../../../Engine/Content/Functions/MaterialLayerFunctions/MatLayerBlend_NormalBlend.uexp" 1755
"C:/Users/abhij/Documents/Unreal Projects/Dissertation/Content/Characters/Mannequin_UE4/Textures/T_UELogo_Mask.ubulk" 1756
"C:/Users/abhij/Documents/Unreal Projects/Dissertation/Content/Characters/Mannequin_UE4/Textures/T_UELogo_Mask.uasset" 1757
"C:/Users/abhij/Documents/Unreal Projects/Dissertation/Content/Characters/Mannequin_UE4/Textures/T_UELogo_Mask.uexp" 1758
"C:/Users/abhij/Documents/Unreal Projects/Dissertation/Content/Characters/Mannequin_UE4/Materials/Layers/ML_ShinyPlastic_Beige_Logo.uasset" 1759
"C:/Users/abhij/Documents/Unreal Projects/Dissertation/Content/Characters/Mannequin_UE4/Materials/Layers/ML_ShinyPlastic_Beige_Logo.uexp" 1760
"C:/Users/abhij/Documents/Unreal Projects/Dissertation/Content/Characters/Mannequin_UE4/Textures/T_UE4_Mannequin_MAT_MASKA.ubulk" 1761
"C:/Users/abhij/Documents/Unreal Projects/Dissertation/Content/Characters/Mannequin_UE4/Textures/T_UE4_Mannequin_MAT_MASKA.uasset" 1762
"C:/Users/abhij/Documents/Unreal Projects/Dissertation/Content/Characters/Mannequin_UE4/Textures/T_UE4_Mannequin_MAT_MASKA.uexp" 1763
"C:/Users/abhij/Documents/Unreal Projects/Dissertation/Content/Characters/Mannequin_UE4/Textures/T_ML_Aluminum01_N.ubulk" 1764
"C:/Users/abhij/Documents/Unreal Projects/Dissertation/Content/Characters/Mannequin_UE4/Textures/T_ML_Aluminum01_N.uasset" 1765
"C:/Users/abhij/Documents/Unreal Projects/Dissertation/Content/Characters/Mannequin_UE4/Textures/T_ML_Aluminum01_N.uexp" 1766
"C:/Users/abhij/Documents/Unreal Projects/Dissertation/Content/Characters/Mannequin_UE4/Textures/T_ML_Aluminum01.ubulk" 1767
"C:/Users/abhij/Documents/Unreal Projects/Dissertation/Content/Characters/Mannequin_UE4/Textures/T_ML_Aluminum01.uasset" 1768
"C:/Users/abhij/Documents/Unreal Projects/Dissertation/Content/Characters/Mannequin_UE4/Textures/T_ML_Aluminum01.uexp" 1769
"C:/Users/abhij/Documents/Unreal Projects/Dissertation/Content/Characters/Mannequin_UE4/Materials/Layers/ML_SoftMetal.uasset" 1770
"C:/Users/abhij/Documents/Unreal Projects/Dissertation/Content/Characters/Mannequin_UE4/Materials/Layers/ML_SoftMetal.uexp" 1771
"../../../Engine/Content/Functions/MaterialLayerFunctions/MatLayerBlend_Simple.uasset" 1772
"../../../Engine/Content/Functions/MaterialLayerFunctions/MatLayerBlend_Simple.uexp" 1773
"C:/Users/abhij/Documents/Unreal Projects/Dissertation/Content/Characters/Mannequin_UE4/Textures/T_ML_Rubber_Blue_01_N.ubulk" 1774
"C:/Users/abhij/Documents/Unreal Projects/Dissertation/Content/Characters/Mannequin_UE4/Textures/T_ML_Rubber_Blue_01_N.uasset" 1775
"C:/Users/abhij/Documents/Unreal Projects/Dissertation/Content/Characters/Mannequin_UE4/Textures/T_ML_Rubber_Blue_01_N.uexp" 1776
"C:/Users/abhij/Documents/Unreal Projects/Dissertation/Content/Characters/Mannequin_UE4/Textures/T_ML_Rubber_Blue_01_D.ubulk" 1777
"C:/Users/abhij/Documents/Unreal Projects/Dissertation/Content/Characters/Mannequin_UE4/Textures/T_ML_Rubber_Blue_01_D.uasset" 1778
"C:/Users/abhij/Documents/Unreal Projects/Dissertation/Content/Characters/Mannequin_UE4/Textures/T_ML_Rubber_Blue_01_D.uexp" 1779
"C:/Users/abhij/Documents/Unreal Projects/Dissertation/Content/Characters/Mannequin_UE4/Materials/Layers/ML_Latex_Black.uasset" 1780
"C:/Users/abhij/Documents/Unreal Projects/Dissertation/Content/Characters/Mannequin_UE4/Materials/Layers/ML_Latex_Black.uexp" 1781
"C:/Users/abhij/Documents/Unreal Projects/Dissertation/Content/Characters/Mannequin_UE4/Materials/M_MannequinUE4_Body.uasset" 1782
"C:/Users/abhij/Documents/Unreal Projects/Dissertation/Content/Characters/Mannequin_UE4/Materials/M_MannequinUE4_Body.uexp" 1783
"C:/Users/abhij/Documents/Unreal Projects/Dissertation/Content/Characters/Mannequin_UE4/Materials/M_MannequinUE4_ChestLogo.uasset" 1784
"C:/Users/abhij/Documents/Unreal Projects/Dissertation/Content/Characters/Mannequin_UE4/Materials/M_MannequinUE4_ChestLogo.uexp" 1785
"C:/Users/abhij/Documents/Unreal Projects/Dissertation/Content/Characters/Mannequin_UE4/Meshes/SK_Mannequin_PhysicsAsset.uasset" 1786
"C:/Users/abhij/Documents/Unreal Projects/Dissertation/Content/Characters/Mannequin_UE4/Meshes/SK_Mannequin_PhysicsAsset.uexp" 1787
"C:/Users/abhij/Documents/Unreal Projects/Dissertation/Content/Characters/Mannequin_UE4/Meshes/SK_Mannequin.uasset" 1788
"C:/Users/abhij/Documents/Unreal Projects/Dissertation/Content/Characters/Mannequin_UE4/Meshes/SK_Mannequin.uexp" 1789
"C:/Users/abhij/Documents/Unreal Projects/Dissertation/Content/WBP_PauseMenu.uasset" 1790
"C:/Users/abhij/Documents/Unreal Projects/Dissertation/Content/WBP_PauseMenu.uexp" 1791
"C:/Users/abhij/Documents/Unreal Projects/Dissertation/Content/WBP_TabMenu.uasset" 1792
"C:/Users/abhij/Documents/Unreal Projects/Dissertation/Content/WBP_TabMenu.uexp" 1793
"C:/Users/abhij/Documents/Unreal Projects/Dissertation/Content/WBP_DungeonHUD_v2.uasset" 1794
"C:/Users/abhij/Documents/Unreal Projects/Dissertation/Content/WBP_DungeonHUD_v2.uexp" 1795
"C:/Users/abhij/Documents/Unreal Projects/Dissertation/Content/BP_DungeonCharacter.uasset" 1796
"C:/Users/abhij/Documents/Unreal Projects/Dissertation/Content/BP_DungeonCharacter.uexp" 1797
"C:/Users/abhij/Documents/Unreal Projects/Dissertation/Content/WBP_InventoryRow.uasset" 1798
"C:/Users/abhij/Documents/Unreal Projects/Dissertation/Content/WBP_InventoryRow.uexp" 1799
"C:/Users/abhij/Documents/Unreal Projects/Dissertation/Content/WBP_Shop.uasset" 1800
"C:/Users/abhij/Documents/Unreal Projects/Dissertation/Content/WBP_Shop.uexp" 1801
"../../../Engine/Content/EngineMaterials/DefaultCubemap.uasset" 1802
"../../../Engine/Content/EngineMaterials/DefaultCubemap.uexp" 1803
"../../../Engine/Content/EngineMaterials/CubeMaterial.uasset" 1804
"../../../Engine/Content/EngineMaterials/CubeMaterial.uexp" 1805
"C:/Users/abhij/Documents/Unreal Projects/Dissertation/Content/BP_Shopkeeper.uasset" 1806
"C:/Users/abhij/Documents/Unreal Projects/Dissertation/Content/BP_Shopkeeper.uexp" 1807
"C:/Users/abhij/Documents/Unreal Projects/Dissertation/Content/Fab/Megascans/Surfaces/Gouged_Rock_Cliff_vlcpcbc/Medium/T_vlcpcbc_2K_ORM.ubulk" 1808
"C:/Users/abhij/Documents/Unreal Projects/Dissertation/Content/Fab/Megascans/Surfaces/Gouged_Rock_Cliff_vlcpcbc/Medium/T_vlcpcbc_2K_ORM.uasset" 1809
"C:/Users/abhij/Documents/Unreal Projects/Dissertation/Content/Fab/Megascans/Surfaces/Gouged_Rock_Cliff_vlcpcbc/Medium/T_vlcpcbc_2K_ORM.uexp" 1810
"../../../Engine/Plugins/Fab/Content/Textures/Standard/T_DefaultDisplacement.uasset" 1811
"../../../Engine/Plugins/Fab/Content/Textures/Standard/T_DefaultDisplacement.uexp" 1812
"../../../Engine/Plugins/Fab/Content/MaterialFunctions/QMF_BaseColorAdjustments.uasset" 1813
"../../../Engine/Plugins/Fab/Content/MaterialFunctions/QMF_BaseColorAdjustments.uexp" 1814
"../../../Engine/Plugins/Fab/Content/Textures/Standard/T_DefaultNormal.uasset" 1815
"../../../Engine/Plugins/Fab/Content/Textures/Standard/T_DefaultNormal.uexp" 1816
"../../../Engine/Plugins/Fab/Content/Textures/Standard/T_DefaultMasks.uasset" 1817
"../../../Engine/Plugins/Fab/Content/Textures/Standard/T_DefaultMasks.uexp" 1818
"../../../Engine/Plugins/Fab/Content/MaterialFunctions/QMF_RoughnessAdjustments.uasset" 1819
"../../../Engine/Plugins/Fab/Content/MaterialFunctions/QMF_RoughnessAdjustments.uexp" 1820
"../../../Engine/Plugins/Fab/Content/MaterialFunctions/QMF_Tiling.uasset" 1821
"../../../Engine/Plugins/Fab/Content/MaterialFunctions/QMF_Tiling.uexp" 1822
"../../../Engine/Plugins/Fab/Content/MaterialFunctions/QMF_NormalAdjustments.uasset" 1823
"../../../Engine/Plugins/Fab/Content/MaterialFunctions/QMF_NormalAdjustments.uexp" 1824
"../../../Engine/Plugins/Fab/Content/MaterialFunctions/QMF_AOAdjustments.uasset" 1825
"../../../Engine/Plugins/Fab/Content/MaterialFunctions/QMF_AOAdjustments.uexp" 1826
"../../../Engine/Plugins/Fab/Content/Textures/Standard/T_DefaultColor.uasset" 1827
"../../../Engine/Plugins/Fab/Content/Textures/Standard/T_DefaultColor.uexp" 1828
"../../../Engine/Plugins/Fab/Content/Materials/Standard/M_MS_Srf.uasset" 1829
"../../../Engine/Plugins/Fab/Content/Materials/Standard/M_MS_Srf.uexp" 1830
"C:/Users/abhij/Documents/Unreal Projects/Dissertation/Content/Fab/Megascans/Surfaces/Gouged_Rock_Cliff_vlcpcbc/Medium/MI_vlcpcbc.uasset" 1831
"C:/Users/abhij/Documents/Unreal Projects/Dissertation/Content/Fab/Megascans/Surfaces/Gouged_Rock_Cliff_vlcpcbc/Medium/MI_vlcpcbc.uexp" 1832
"C:/Users/abhij/Documents/Unreal Projects/Dissertation/Content/Characters/Mannequins/Animations/Manny/MM_T_Pose.uasset" 1833
"C:/Users/abhij/Documents/Unreal Projects/Dissertation/Content/Characters/Mannequins/Animations/Manny/MM_T_Pose.uexp" 1834
"C:/Users/abhij/Documents/Unreal Projects/Dissertation/Content/WBP_MainMenu.uasset" 1835
"C:/Users/abhij/Documents/Unreal Projects/Dissertation/Content/WBP_MainMenu.uexp" 1836
"C:/Users/abhij/Documents/Unreal Projects/Dissertation/Content/MainMenu.uexp" 1837
"C:/Users/abhij/Documents/Unreal Projects/Dissertation/Content/MainMenu.umap" 1838
"C:/Users/abhij/Documents/Unreal Projects/Dissertation/Content/BP_DungeonGameMode.uasset" 1839
"C:/Users/abhij/Documents/Unreal Projects/Dissertation/Content/BP_DungeonGameMode.uexp" 1840
"C:/Users/abhij/Documents/Unreal Projects/Dissertation/Content/Untitled_HLOD0_Instancing.uasset" 1841
"C:/Users/abhij/Documents/Unreal Projects/Dissertation/Content/Untitled_HLOD0_Instancing.uexp" 1842
"C:/Users/abhij/Documents/Unreal Projects/Dissertation/Content/MainDungeonMap.uexp" 1843
"C:/Users/abhij/Documents/Unreal Projects/Dissertation/Content/MainDungeonMap.ubulk" 1844
"C:/Users/abhij/Documents/Unreal Projects/Dissertation/Content/MainDungeonMap.umap" 1845
"../../../Engine/Content/Maps/Entry_BuiltData.uasset" 1846
"../../../Engine/Content/Maps/Entry_BuiltData.uexp" 1847
"../../../Engine/Content/Maps/Entry.uexp" 1848
"../../../Engine/Content/Maps/Entry.umap" 1849
"C:/Users/abhij/Documents/Unreal Projects/Dissertation/Content/StarterContent/Textures/T_Frame_M.ubulk" 1850
"C:/Users/abhij/Documents/Unreal Projects/Dissertation/Content/StarterContent/Textures/T_Frame_M.uasset" 1851
"C:/Users/abhij/Documents/Unreal Projects/Dissertation/Content/StarterContent/Textures/T_Frame_M.uexp" 1852
"C:/Users/abhij/Documents/Unreal Projects/Dissertation/Content/StarterContent/Textures/T_Frame_N.ubulk" 1853
"C:/Users/abhij/Documents/Unreal Projects/Dissertation/Content/StarterContent/Textures/T_Frame_N.uasset" 1854
"C:/Users/abhij/Documents/Unreal Projects/Dissertation/Content/StarterContent/Textures/T_Frame_N.uexp" 1855
"C:/Users/abhij/Documents/Unreal Projects/Dissertation/Content/StarterContent/Props/Materials/M_Frame.uasset" 1856
"C:/Users/abhij/Documents/Unreal Projects/Dissertation/Content/StarterContent/Props/Materials/M_Frame.uexp" 1857
"C:/Users/abhij/Documents/Unreal Projects/Dissertation/Content/StarterContent/Props/SM_DoorFrame.ubulk" 1858
"C:/Users/abhij/Documents/Unreal Projects/Dissertation/Content/StarterContent/Props/SM_DoorFrame.uasset" 1859
"C:/Users/abhij/Documents/Unreal Projects/Dissertation/Content/StarterContent/Props/SM_DoorFrame.uexp" 1860
"C:/Users/abhij/Documents/Unreal Projects/Dissertation/Content/StarterContent/Textures/T_MacroVariation.uasset" 1861
"C:/Users/abhij/Documents/Unreal Projects/Dissertation/Content/StarterContent/Textures/T_MacroVariation.uexp" 1862
"C:/Users/abhij/Documents/Unreal Projects/Dissertation/Content/StarterContent/Materials/M_Metal_Brushed_Nickel.uasset" 1863
"C:/Users/abhij/Documents/Unreal Projects/Dissertation/Content/StarterContent/Materials/M_Metal_Brushed_Nickel.uexp" 1864
"C:/Users/abhij/Documents/Unreal Projects/Dissertation/Content/StarterContent/Textures/T_Lamp_N.ubulk" 1865
"C:/Users/abhij/Documents/Unreal Projects/Dissertation/Content/StarterContent/Textures/T_Lamp_N.uasset" 1866
"C:/Users/abhij/Documents/Unreal Projects/Dissertation/Content/StarterContent/Textures/T_Lamp_N.uexp" 1867
"C:/Users/abhij/Documents/Unreal Projects/Dissertation/Content/StarterContent/Textures/T_Lamp_M.ubulk" 1868
"C:/Users/abhij/Documents/Unreal Projects/Dissertation/Content/StarterContent/Textures/T_Lamp_M.uasset" 1869
"C:/Users/abhij/Documents/Unreal Projects/Dissertation/Content/StarterContent/Textures/T_Lamp_M.uexp" 1870
"C:/Users/abhij/Documents/Unreal Projects/Dissertation/Content/StarterContent/Props/Materials/M_Lamp.uasset" 1871
"C:/Users/abhij/Documents/Unreal Projects/Dissertation/Content/StarterContent/Props/Materials/M_Lamp.uexp" 1872
"C:/Users/abhij/Documents/Unreal Projects/Dissertation/Content/StarterContent/Props/SM_Lamp_Ceiling.ubulk" 1873
"C:/Users/abhij/Documents/Unreal Projects/Dissertation/Content/StarterContent/Props/SM_Lamp_Ceiling.uasset" 1874
"C:/Users/abhij/Documents/Unreal Projects/Dissertation/Content/StarterContent/Props/SM_Lamp_Ceiling.uexp" 1875
"C:/Users/abhij/Documents/Unreal Projects/Dissertation/Content/StarterContent/Blueprints/Blueprint_CeilingLight.uasset" 1876
"C:/Users/abhij/Documents/Unreal Projects/Dissertation/Content/StarterContent/Blueprints/Blueprint_CeilingLight.uexp" 1877
"../../../Engine/Content/Functions/Engine_MaterialFunctions03/Procedurals/ComputeFilterWidth.uasset" 1878
"../../../Engine/Content/Functions/Engine_MaterialFunctions03/Procedurals/ComputeFilterWidth.uexp" 1879
"../../../Engine/Content/EngineMaterials/AntiAliasedTextMaterialTranslucent.uasset" 1880
"../../../Engine/Content/EngineMaterials/AntiAliasedTextMaterialTranslucent.uexp" 1881
"C:/Users/abhij/Documents/Unreal Projects/Dissertation/Content/StarterContent/Architecture/Wall_Door_400x300.ubulk" 1882
"C:/Users/abhij/Documents/Unreal Projects/Dissertation/Content/StarterContent/Architecture/Wall_Door_400x300.uasset" 1883
"C:/Users/abhij/Documents/Unreal Projects/Dissertation/Content/StarterContent/Architecture/Wall_Door_400x300.uexp" 1884
"C:/Users/abhij/Documents/Unreal Projects/Dissertation/Content/StarterContent/Textures/T_Wood_Pine_D.ubulk" 1885
"C:/Users/abhij/Documents/Unreal Projects/Dissertation/Content/StarterContent/Textures/T_Wood_Pine_D.uasset" 1886
"C:/Users/abhij/Documents/Unreal Projects/Dissertation/Content/StarterContent/Textures/T_Wood_Pine_D.uexp" 1887
"C:/Users/abhij/Documents/Unreal Projects/Dissertation/Content/StarterContent/Textures/T_Wood_Pine_N.ubulk" 1888
"C:/Users/abhij/Documents/Unreal Projects/Dissertation/Content/StarterContent/Textures/T_Wood_Pine_N.uasset" 1889
"C:/Users/abhij/Documents/Unreal Projects/Dissertation/Content/StarterContent/Textures/T_Wood_Pine_N.uexp" 1890
"C:/Users/abhij/Documents/Unreal Projects/Dissertation/Content/StarterContent/Textures/T_Perlin_Noise_M.ubulk" 1891
"C:/Users/abhij/Documents/Unreal Projects/Dissertation/Content/StarterContent/Textures/T_Perlin_Noise_M.uasset" 1892
"C:/Users/abhij/Documents/Unreal Projects/Dissertation/Content/StarterContent/Textures/T_Perlin_Noise_M.uexp" 1893
"C:/Users/abhij/Documents/Unreal Projects/Dissertation/Content/StarterContent/Materials/M_Wood_Pine.uasset" 1894
"C:/Users/abhij/Documents/Unreal Projects/Dissertation/Content/StarterContent/Materials/M_Wood_Pine.uexp" 1895
"C:/Users/abhij/Documents/Unreal Projects/Dissertation/Content/StarterContent/Textures/T_Rock_Smooth_Granite_D.ubulk" 1896
"C:/Users/abhij/Documents/Unreal Projects/Dissertation/Content/StarterContent/Textures/T_Rock_Smooth_Granite_D.uasset" 1897
"C:/Users/abhij/Documents/Unreal Projects/Dissertation/Content/StarterContent/Textures/T_Rock_Smooth_Granite_D.uexp" 1898
"C:/Users/abhij/Documents/Unreal Projects/Dissertation/Content/StarterContent/Textures/T_CobbleStone_Smooth_D.ubulk" 1899
"C:/Users/abhij/Documents/Unreal Projects/Dissertation/Content/StarterContent/Textures/T_CobbleStone_Smooth_D.uasset" 1900
"C:/Users/abhij/Documents/Unreal Projects/Dissertation/Content/StarterContent/Textures/T_CobbleStone_Smooth_D.uexp" 1901
"C:/Users/abhij/Documents/Unreal Projects/Dissertation/Content/StarterContent/Textures/T_Gradinet_01.ubulk" 1902
"C:/Users/abhij/Documents/Unreal Projects/Dissertation/Content/StarterContent/Textures/T_Gradinet_01.uasset" 1903
"C:/Users/abhij/Documents/Unreal Projects/Dissertation/Content/StarterContent/Textures/T_Gradinet_01.uexp" 1904
"C:/Users/abhij/Documents/Unreal Projects/Dissertation/Content/StarterContent/Textures/T_CobbleStone_Smooth_M.ubulk" 1905
"C:/Users/abhij/Documents/Unreal Projects/Dissertation/Content/StarterContent/Textures/T_CobbleStone_Smooth_M.uasset" 1906
"C:/Users/abhij/Documents/Unreal Projects/Dissertation/Content/StarterContent/Textures/T_CobbleStone_Smooth_M.uexp" 1907
"C:/Users/abhij/Documents/Unreal Projects/Dissertation/Content/StarterContent/Textures/T_CobbleStone_Smooth_N.ubulk" 1908
"C:/Users/abhij/Documents/Unreal Projects/Dissertation/Content/StarterContent/Textures/T_CobbleStone_Smooth_N.uasset" 1909
"C:/Users/abhij/Documents/Unreal Projects/Dissertation/Content/StarterContent/Textures/T_CobbleStone_Smooth_N.uexp" 1910
"C:/Users/abhij/Documents/Unreal Projects/Dissertation/Content/StarterContent/Materials/M_CobbleStone_Smooth.uasset" 1911
"C:/Users/abhij/Documents/Unreal Projects/Dissertation/Content/StarterContent/Materials/M_CobbleStone_Smooth.uexp" 1912
"C:/Users/abhij/Documents/Unreal Projects/Dissertation/Content/StarterContent/Textures/T_Rock_Basalt_N.ubulk" 1913
"C:/Users/abhij/Documents/Unreal Projects/Dissertation/Content/StarterContent/Textures/T_Rock_Basalt_N.uasset" 1914
"C:/Users/abhij/Documents/Unreal Projects/Dissertation/Content/StarterContent/Textures/T_Rock_Basalt_N.uexp" 1915
"C:/Users/abhij/Documents/Unreal Projects/Dissertation/Content/StarterContent/Materials/M_Rock_Basalt.uasset" 1916
"C:/Users/abhij/Documents/Unreal Projects/Dissertation/Content/StarterContent/Materials/M_Rock_Basalt.uexp" 1917
"C:/Users/abhij/Documents/Unreal Projects/Dissertation/Content/StarterContent/Shapes/Shape_Cube.ubulk" 1918
"C:/Users/abhij/Documents/Unreal Projects/Dissertation/Content/StarterContent/Shapes/Shape_Cube.uasset" 1919
"C:/Users/abhij/Documents/Unreal Projects/Dissertation/Content/StarterContent/Shapes/Shape_Cube.uexp" 1920
"C:/Users/abhij/Documents/Unreal Projects/Dissertation/Content/StarterContent/Textures/T_Concrete_Tiles_Variation_M.ubulk" 1921
"C:/Users/abhij/Documents/Unreal Projects/Dissertation/Content/StarterContent/Textures/T_Concrete_Tiles_Variation_M.uasset" 1922
"C:/Users/abhij/Documents/Unreal Projects/Dissertation/Content/StarterContent/Textures/T_Concrete_Tiles_Variation_M.uexp" 1923
"C:/Users/abhij/Documents/Unreal Projects/Dissertation/Content/StarterContent/Textures/T_Concrete_Tiles_D.ubulk" 1924
"C:/Users/abhij/Documents/Unreal Projects/Dissertation/Content/StarterContent/Textures/T_Concrete_Tiles_D.uasset" 1925
"C:/Users/abhij/Documents/Unreal Projects/Dissertation/Content/StarterContent/Textures/T_Concrete_Tiles_D.uexp" 1926
"C:/Users/abhij/Documents/Unreal Projects/Dissertation/Content/StarterContent/Textures/T_Concrete_Tiles_M.ubulk" 1927
"C:/Users/abhij/Documents/Unreal Projects/Dissertation/Content/StarterContent/Textures/T_Concrete_Tiles_M.uasset" 1928
"C:/Users/abhij/Documents/Unreal Projects/Dissertation/Content/StarterContent/Textures/T_Concrete_Tiles_M.uexp" 1929
"C:/Users/abhij/Documents/Unreal Projects/Dissertation/Content/StarterContent/Textures/T_Concrete_Tiles_N.ubulk" 1930
"C:/Users/abhij/Documents/Unreal Projects/Dissertation/Content/StarterContent/Textures/T_Concrete_Tiles_N.uasset" 1931
"C:/Users/abhij/Documents/Unreal Projects/Dissertation/Content/StarterContent/Textures/T_Concrete_Tiles_N.uexp" 1932
"C:/Users/abhij/Documents/Unreal Projects/Dissertation/Content/StarterContent/Materials/M_Concrete_Tiles.uasset" 1933
"C:/Users/abhij/Documents/Unreal Projects/Dissertation/Content/StarterContent/Materials/M_Concrete_Tiles.uexp" 1934
"C:/Users/abhij/Documents/Unreal Projects/Dissertation/Content/StarterContent/Props/MaterialSphere.ubulk" 1935
"C:/Users/abhij/Documents/Unreal Projects/Dissertation/Content/StarterContent/Props/MaterialSphere.uasset" 1936
"C:/Users/abhij/Documents/Unreal Projects/Dissertation/Content/StarterContent/Props/MaterialSphere.uexp" 1937
"C:/Users/abhij/Documents/Unreal Projects/Dissertation/Content/StarterContent/Textures/T_Metal_Rust_N.ubulk" 1938
"C:/Users/abhij/Documents/Unreal Projects/Dissertation/Content/StarterContent/Textures/T_Metal_Rust_N.uasset" 1939
"C:/Users/abhij/Documents/Unreal Projects/Dissertation/Content/StarterContent/Textures/T_Metal_Rust_N.uexp" 1940
"C:/Users/abhij/Documents/Unreal Projects/Dissertation/Content/StarterContent/Textures/T_Metal_Rust_D.ubulk" 1941
"C:/Users/abhij/Documents/Unreal Projects/Dissertation/Content/StarterContent/Textures/T_Metal_Rust_D.uasset" 1942
"C:/Users/abhij/Documents/Unreal Projects/Dissertation/Content/StarterContent/Textures/T_Metal_Rust_D.uexp" 1943
"C:/Users/abhij/Documents/Unreal Projects/Dissertation/Content/StarterContent/Materials/M_Metal_Rust.uasset" 1944
"C:/Users/abhij/Documents/Unreal Projects/Dissertation/Content/StarterContent/Materials/M_Metal_Rust.uexp" 1945
"C:/Users/abhij/Documents/Unreal Projects/Dissertation/Content/StarterContent/Textures/T_Rock_Slate_D.ubulk" 1946
"C:/Users/abhij/Documents/Unreal Projects/Dissertation/Content/StarterContent/Textures/T_Rock_Slate_D.uasset" 1947
"C:/Users/abhij/Documents/Unreal Projects/Dissertation/Content/StarterContent/Textures/T_Rock_Slate_D.uexp" 1948
"C:/Users/abhij/Documents/Unreal Projects/Dissertation/Content/StarterContent/Textures/T_Rock_Slate_N.ubulk" 1949
"C:/Users/abhij/Documents/Unreal Projects/Dissertation/Content/StarterContent/Textures/T_Rock_Slate_N.uasset" 1950
"C:/Users/abhij/Documents/Unreal Projects/Dissertation/Content/StarterContent/Textures/T_Rock_Slate_N.uexp" 1951
"C:/Users/abhij/Documents/Unreal Projects/Dissertation/Content/StarterContent/Materials/M_Rock_Slate.uasset" 1952
"C:/Users/abhij/Documents/Unreal Projects/Dissertation/Content/StarterContent/Materials/M_Rock_Slate.uexp" 1953
"C:/Users/abhij/Documents/Unreal Projects/Dissertation/Content/StarterContent/Textures/T_Concrete_Poured_D.ubulk" 1954
"C:/Users/abhij/Documents/Unreal Projects/Dissertation/Content/StarterContent/Textures/T_Concrete_Poured_D.uasset" 1955
"C:/Users/abhij/Documents/Unreal Projects/Dissertation/Content/StarterContent/Textures/T_Concrete_Poured_D.uexp" 1956
"C:/Users/abhij/Documents/Unreal Projects/Dissertation/Content/StarterContent/Textures/T_Concrete_Poured_N.ubulk" 1957
"C:/Users/abhij/Documents/Unreal Projects/Dissertation/Content/StarterContent/Textures/T_Concrete_Poured_N.uasset" 1958
"C:/Users/abhij/Documents/Unreal Projects/Dissertation/Content/StarterContent/Textures/T_Concrete_Poured_N.uexp" 1959
"C:/Users/abhij/Documents/Unreal Projects/Dissertation/Content/StarterContent/Materials/M_Concrete_Poured.uasset" 1960
"C:/Users/abhij/Documents/Unreal Projects/Dissertation/Content/StarterContent/Materials/M_Concrete_Poured.uexp" 1961
"C:/Users/abhij/Documents/Unreal Projects/Dissertation/Content/StarterContent/Textures/T_Brick_Clay_Beveled_M.ubulk" 1962
"C:/Users/abhij/Documents/Unreal Projects/Dissertation/Content/StarterContent/Textures/T_Brick_Clay_Beveled_M.uasset" 1963
"C:/Users/abhij/Documents/Unreal Projects/Dissertation/Content/StarterContent/Textures/T_Brick_Clay_Beveled_M.uexp" 1964
"C:/Users/abhij/Documents/Unreal Projects/Dissertation/Content/StarterContent/Textures/T_Brick_Clay_Beveled_N.ubulk" 1965
"C:/Users/abhij/Documents/Unreal Projects/Dissertation/Content/StarterContent/Textures/T_Brick_Clay_Beveled_N.uasset" 1966
"C:/Users/abhij/Documents/Unreal Projects/Dissertation/Content/StarterContent/Textures/T_Brick_Clay_Beveled_N.uexp" 1967
"C:/Users/abhij/Documents/Unreal Projects/Dissertation/Content/StarterContent/Textures/T_Brick_Clay_Beveled_D.ubulk" 1968
"C:/Users/abhij/Documents/Unreal Projects/Dissertation/Content/StarterContent/Textures/T_Brick_Clay_Beveled_D.uasset" 1969
"C:/Users/abhij/Documents/Unreal Projects/Dissertation/Content/StarterContent/Textures/T_Brick_Clay_Beveled_D.uexp" 1970
"C:/Users/abhij/Documents/Unreal Projects/Dissertation/Content/StarterContent/Materials/M_Brick_Clay_Beveled.uasset" 1971
"C:/Users/abhij/Documents/Unreal Projects/Dissertation/Content/StarterContent/Materials/M_Brick_Clay_Beveled.uexp" 1972
"C:/Users/abhij/Documents/Unreal Projects/Dissertation/Content/StarterContent/Textures/T_Tech_Hex_Tile_M.ubulk" 1973
"C:/Users/abhij/Documents/Unreal Projects/Dissertation/Content/StarterContent/Textures/T_Tech_Hex_Tile_M.uasset" 1974
"C:/Users/abhij/Documents/Unreal Projects/Dissertation/Content/StarterContent/Textures/T_Tech_Hex_Tile_M.uexp" 1975
"C:/Users/abhij/Documents/Unreal Projects/Dissertation/Content/StarterContent/Textures/T_Tech_Hex_Tile_N.ubulk" 1976
"C:/Users/abhij/Documents/Unreal Projects/Dissertation/Content/StarterContent/Textures/T_Tech_Hex_Tile_N.uasset" 1977
"C:/Users/abhij/Documents/Unreal Projects/Dissertation/Content/StarterContent/Textures/T_Tech_Hex_Tile_N.uexp" 1978
"C:/Users/abhij/Documents/Unreal Projects/Dissertation/Content/StarterContent/Materials/M_Tech_Hex_Tile.uasset" 1979
"C:/Users/abhij/Documents/Unreal Projects/Dissertation/Content/StarterContent/Materials/M_Tech_Hex_Tile.uexp" 1980
"../../../Engine/Content/Functions/Engine_MaterialFunctions01/Opacity/AlphaOffset.uasset" 1981
"../../../Engine/Content/Functions/Engine_MaterialFunctions01/Opacity/AlphaOffset.uexp" 1982
"C:/Users/abhij/Documents/Unreal Projects/Dissertation/Content/StarterContent/Textures/T_Wood_Floor_Walnut_M.ubulk" 1983
"C:/Users/abhij/Documents/Unreal Projects/Dissertation/Content/StarterContent/Textures/T_Wood_Floor_Walnut_M.uasset" 1984
"C:/Users/abhij/Documents/Unreal Projects/Dissertation/Content/StarterContent/Textures/T_Wood_Floor_Walnut_M.uexp" 1985
"C:/Users/abhij/Documents/Unreal Projects/Dissertation/Content/StarterContent/Textures/T_Wood_Floor_Walnut_D.ubulk" 1986
"C:/Users/abhij/Documents/Unreal Projects/Dissertation/Content/StarterContent/Textures/T_Wood_Floor_Walnut_D.uasset" 1987
"C:/Users/abhij/Documents/Unreal Projects/Dissertation/Content/StarterContent/Textures/T_Wood_Floor_Walnut_D.uexp" 1988
"C:/Users/abhij/Documents/Unreal Projects/Dissertation/Content/StarterContent/Textures/T_Wood_Floor_Walnut_N.ubulk" 1989
"C:/Users/abhij/Documents/Unreal Projects/Dissertation/Content/StarterContent/Textures/T_Wood_Floor_Walnut_N.uasset" 1990
"C:/Users/abhij/Documents/Unreal Projects/Dissertation/Content/StarterContent/Textures/T_Wood_Floor_Walnut_N.uexp" 1991
"C:/Users/abhij/Documents/Unreal Projects/Dissertation/Content/StarterContent/Materials/M_Wood_Floor_Walnut_Worn.uasset" 1992
"C:/Users/abhij/Documents/Unreal Projects/Dissertation/Content/StarterContent/Materials/M_Wood_Floor_Walnut_Worn.uexp" 1993
"C:/Users/abhij/Documents/Unreal Projects/Dissertation/Content/StarterContent/Textures/T_Ground_Gravel_N.ubulk" 1994
"C:/Users/abhij/Documents/Unreal Projects/Dissertation/Content/StarterContent/Textures/T_Ground_Gravel_N.uasset" 1995
"C:/Users/abhij/Documents/Unreal Projects/Dissertation/Content/StarterContent/Textures/T_Ground_Gravel_N.uexp" 1996
"C:/Users/abhij/Documents/Unreal Projects/Dissertation/Content/StarterContent/Textures/T_Ground_Gravel_D.ubulk" 1997
"C:/Users/abhij/Documents/Unreal Projects/Dissertation/Content/StarterContent/Textures/T_Ground_Gravel_D.uasset" 1998
"C:/Users/abhij/Documents/Unreal Projects/Dissertation/Content/StarterContent/Textures/T_Ground_Gravel_D.uexp" 1999
"C:/Users/abhij/Documents/Unreal Projects/Dissertation/Content/StarterContent/Materials/M_Ground_Gravel.uasset" 2000
"C:/Users/abhij/Documents/Unreal Projects/Dissertation/Content/StarterContent/Materials/M_Ground_Gravel.uexp" 2001
"C:/Users/abhij/Documents/Unreal Projects/Dissertation/Content/StarterContent/Audio/Steam01_Cue.uasset" 2002
"C:/Users/abhij/Documents/Unreal Projects/Dissertation/Content/StarterContent/Audio/Steam01_Cue.uexp" 2003
"C:/Users/abhij/Documents/Unreal Projects/Dissertation/Content/StarterContent/Particles/P_Steam_Lit.uasset" 2004
"C:/Users/abhij/Documents/Unreal Projects/Dissertation/Content/StarterContent/Particles/P_Steam_Lit.uexp" 2005
"C:/Users/abhij/Documents/Unreal Projects/Dissertation/Content/StarterContent/Blueprints/Blueprint_Effect_Steam.uasset" 2006
"C:/Users/abhij/Documents/Unreal Projects/Dissertation/Content/StarterContent/Blueprints/Blueprint_Effect_Steam.uexp" 2007
"../../../Engine/Content/EngineSky/T_Sky_Stars.ubulk" 2008
"../../../Engine/Content/EngineSky/T_Sky_Stars.uasset" 2009
"../../../Engine/Content/EngineSky/T_Sky_Stars.uexp" 2010
"../../../Engine/Content/EngineSky/T_Sky_Clouds_M.ubulk" 2011
"../../../Engine/Content/EngineSky/T_Sky_Clouds_M.uasset" 2012
"../../../Engine/Content/EngineSky/T_Sky_Clouds_M.uexp" 2013
"../../../Engine/Content/EngineSky/T_Sky_Blue.ubulk" 2014
"../../../Engine/Content/EngineSky/T_Sky_Blue.uasset" 2015
"../../../Engine/Content/EngineSky/T_Sky_Blue.uexp" 2016
"../../../Engine/Content/EngineSky/M_Sky_Panning_Clouds2.uasset" 2017
"../../../Engine/Content/EngineSky/M_Sky_Panning_Clouds2.uexp" 2018
"../../../Engine/Content/EngineSky/SM_SkySphere.ubulk" 2019
"../../../Engine/Content/EngineSky/SM_SkySphere.uasset" 2020
"../../../Engine/Content/EngineSky/SM_SkySphere.uexp" 2021
"C:/Users/abhij/Documents/Unreal Projects/Dissertation/Content/StarterContent/Audio/Fire_Sparks01_Cue.uasset" 2022
"C:/Users/abhij/Documents/Unreal Projects/Dissertation/Content/StarterContent/Audio/Fire_Sparks01_Cue.uexp" 2023
"C:/Users/abhij/Documents/Unreal Projects/Dissertation/Content/StarterContent/Textures/T_Spark_Core.ubulk" 2024
"C:/Users/abhij/Documents/Unreal Projects/Dissertation/Content/StarterContent/Textures/T_Spark_Core.uasset" 2025
"C:/Users/abhij/Documents/Unreal Projects/Dissertation/Content/StarterContent/Textures/T_Spark_Core.uexp" 2026
"C:/Users/abhij/Documents/Unreal Projects/Dissertation/Content/StarterContent/Particles/Materials/M_Spark.uasset" 2027
"C:/Users/abhij/Documents/Unreal Projects/Dissertation/Content/StarterContent/Particles/Materials/M_Spark.uexp" 2028
"C:/Users/abhij/Documents/Unreal Projects/Dissertation/Content/StarterContent/Particles/Materials/M_Radial_Gradient.uasset" 2029
"C:/Users/abhij/Documents/Unreal Projects/Dissertation/Content/StarterContent/Particles/Materials/M_Radial_Gradient.uexp" 2030
"C:/Users/abhij/Documents/Unreal Projects/Dissertation/Content/StarterContent/Particles/P_Sparks.uasset" 2031
"C:/Users/abhij/Documents/Unreal Projects/Dissertation/Content/StarterContent/Particles/P_Sparks.uexp" 2032
"C:/Users/abhij/Documents/Unreal Projects/Dissertation/Content/StarterContent/Blueprints/Blueprint_Effect_Sparks.uasset" 2033
"C:/Users/abhij/Documents/Unreal Projects/Dissertation/Content/StarterContent/Blueprints/Blueprint_Effect_Sparks.uexp" 2034
"C:/Users/abhij/Documents/Unreal Projects/Dissertation/Content/StarterContent/Textures/T_Water_N.ubulk" 2035
"C:/Users/abhij/Documents/Unreal Projects/Dissertation/Content/StarterContent/Textures/T_Water_N.uasset" 2036
"C:/Users/abhij/Documents/Unreal Projects/Dissertation/Content/StarterContent/Textures/T_Water_N.uexp" 2037
"C:/Users/abhij/Documents/Unreal Projects/Dissertation/Content/StarterContent/Materials/M_Water_Lake.uasset" 2038
"C:/Users/abhij/Documents/Unreal Projects/Dissertation/Content/StarterContent/Materials/M_Water_Lake.uexp" 2039
"C:/Users/abhij/Documents/Unreal Projects/Dissertation/Content/StarterContent/Architecture/Wall_400x200.ubulk" 2040
"C:/Users/abhij/Documents/Unreal Projects/Dissertation/Content/StarterContent/Architecture/Wall_400x200.uasset" 2041
"C:/Users/abhij/Documents/Unreal Projects/Dissertation/Content/StarterContent/Architecture/Wall_400x200.uexp" 2042
"C:/Users/abhij/Documents/Unreal Projects/Dissertation/Content/StarterContent/Textures/T_Checker_Noise_M.ubulk" 2043
"C:/Users/abhij/Documents/Unreal Projects/Dissertation/Content/StarterContent/Textures/T_Checker_Noise_M.uasset" 2044
"C:/Users/abhij/Documents/Unreal Projects/Dissertation/Content/StarterContent/Textures/T_Checker_Noise_M.uexp" 2045
"C:/Users/abhij/Documents/Unreal Projects/Dissertation/Content/StarterContent/Textures/T_Tech_Dot_M.ubulk" 2046
"C:/Users/abhij/Documents/Unreal Projects/Dissertation/Content/StarterContent/Textures/T_Tech_Dot_M.uasset" 2047
"C:/Users/abhij/Documents/Unreal Projects/Dissertation/Content/StarterContent/Textures/T_Tech_Dot_M.uexp" 2048
"C:/Users/abhij/Documents/Unreal Projects/Dissertation/Content/StarterContent/Textures/T_Tech_Dot_N.ubulk" 2049
"C:/Users/abhij/Documents/Unreal Projects/Dissertation/Content/StarterContent/Textures/T_Tech_Dot_N.uasset" 2050
"C:/Users/abhij/Documents/Unreal Projects/Dissertation/Content/StarterContent/Textures/T_Tech_Dot_N.uexp" 2051
"C:/Users/abhij/Documents/Unreal Projects/Dissertation/Content/StarterContent/Textures/T_Single_Tile_N.ubulk" 2052
"C:/Users/abhij/Documents/Unreal Projects/Dissertation/Content/StarterContent/Textures/T_Single_Tile_N.uasset" 2053
"C:/Users/abhij/Documents/Unreal Projects/Dissertation/Content/StarterContent/Textures/T_Single_Tile_N.uexp" 2054
"C:/Users/abhij/Documents/Unreal Projects/Dissertation/Content/StarterContent/Materials/M_Tech_Checker_Dot.uasset" 2055
"C:/Users/abhij/Documents/Unreal Projects/Dissertation/Content/StarterContent/Materials/M_Tech_Checker_Dot.uexp" 2056
"C:/Users/abhij/Documents/Unreal Projects/Dissertation/Content/StarterContent/Architecture/Floor_400x400.ubulk" 2057
"C:/Users/abhij/Documents/Unreal Projects/Dissertation/Content/StarterContent/Architecture/Floor_400x400.uasset" 2058
"C:/Users/abhij/Documents/Unreal Projects/Dissertation/Content/StarterContent/Architecture/Floor_400x400.uexp" 2059
"C:/Users/abhij/Documents/Unreal Projects/Dissertation/Content/StarterContent/Props/SM_GlassWindow.ubulk" 2060
"C:/Users/abhij/Documents/Unreal Projects/Dissertation/Content/StarterContent/Props/SM_GlassWindow.uasset" 2061
"C:/Users/abhij/Documents/Unreal Projects/Dissertation/Content/StarterContent/Props/SM_GlassWindow.uexp" 2062
"C:/Users/abhij/Documents/Unreal Projects/Dissertation/Content/StarterContent/Textures/T_Metal_Gold_N.ubulk" 2063
"C:/Users/abhij/Documents/Unreal Projects/Dissertation/Content/StarterContent/Textures/T_Metal_Gold_N.uasset" 2064
"C:/Users/abhij/Documents/Unreal Projects/Dissertation/Content/StarterContent/Textures/T_Metal_Gold_N.uexp" 2065
"C:/Users/abhij/Documents/Unreal Projects/Dissertation/Content/StarterContent/Textures/T_Rock_Marble_Polished_D.ubulk" 2066
"C:/Users/abhij/Documents/Unreal Projects/Dissertation/Content/StarterContent/Textures/T_Rock_Marble_Polished_D.uasset" 2067
"C:/Users/abhij/Documents/Unreal Projects/Dissertation/Content/StarterContent/Textures/T_Rock_Marble_Polished_D.uexp" 2068
"C:/Users/abhij/Documents/Unreal Projects/Dissertation/Content/StarterContent/Materials/M_Rock_Marble_Polished.uasset" 2069
"C:/Users/abhij/Documents/Unreal Projects/Dissertation/Content/StarterContent/Materials/M_Rock_Marble_Polished.uexp" 2070
"C:/Users/abhij/Documents/Unreal Projects/Dissertation/Content/StarterContent/Textures/T_Concrete_Grime_D.ubulk" 2071
"C:/Users/abhij/Documents/Unreal Projects/Dissertation/Content/StarterContent/Textures/T_Concrete_Grime_D.uasset" 2072
"C:/Users/abhij/Documents/Unreal Projects/Dissertation/Content/StarterContent/Textures/T_Concrete_Grime_D.uexp" 2073
"C:/Users/abhij/Documents/Unreal Projects/Dissertation/Content/StarterContent/Materials/M_Concrete_Grime.uasset" 2074
"C:/Users/abhij/Documents/Unreal Projects/Dissertation/Content/StarterContent/Materials/M_Concrete_Grime.uexp" 2075
"C:/Users/abhij/Documents/Unreal Projects/Dissertation/Content/StarterContent/Textures/T_Ceramic_Tile_M.ubulk" 2076
"C:/Users/abhij/Documents/Unreal Projects/Dissertation/Content/StarterContent/Textures/T_Ceramic_Tile_M.uasset" 2077
"C:/Users/abhij/Documents/Unreal Projects/Dissertation/Content/StarterContent/Textures/T_Ceramic_Tile_M.uexp" 2078
"C:/Users/abhij/Documents/Unreal Projects/Dissertation/Content/StarterContent/Textures/T_Ceramic_Tile_N.ubulk" 2079
"C:/Users/abhij/Documents/Unreal Projects/Dissertation/Content/StarterContent/Textures/T_Ceramic_Tile_N.uasset" 2080
"C:/Users/abhij/Documents/Unreal Projects/Dissertation/Content/StarterContent/Textures/T_Ceramic_Tile_N.uexp" 2081
"C:/Users/abhij/Documents/Unreal Projects/Dissertation/Content/StarterContent/Materials/M_Ceramic_Tile_Checker.uasset" 2082
"C:/Users/abhij/Documents/Unreal Projects/Dissertation/Content/StarterContent/Materials/M_Ceramic_Tile_Checker.uexp" 2083
"C:/Users/abhij/Documents/Unreal Projects/Dissertation/Content/StarterContent/Textures/T_Rock_Sandstone_N.ubulk" 2084
"C:/Users/abhij/Documents/Unreal Projects/Dissertation/Content/StarterContent/Textures/T_Rock_Sandstone_N.uasset" 2085
"C:/Users/abhij/Documents/Unreal Projects/Dissertation/Content/StarterContent/Textures/T_Rock_Sandstone_N.uexp" 2086
"C:/Users/abhij/Documents/Unreal Projects/Dissertation/Content/StarterContent/Textures/T_Rock_Sandstone_D.ubulk" 2087
"C:/Users/abhij/Documents/Unreal Projects/Dissertation/Content/StarterContent/Textures/T_Rock_Sandstone_D.uasset" 2088
"C:/Users/abhij/Documents/Unreal Projects/Dissertation/Content/StarterContent/Textures/T_Rock_Sandstone_D.uexp" 2089
"C:/Users/abhij/Documents/Unreal Projects/Dissertation/Content/StarterContent/Materials/M_Rock_Sandstone.uasset" 2090
"C:/Users/abhij/Documents/Unreal Projects/Dissertation/Content/StarterContent/Materials/M_Rock_Sandstone.uexp" 2091
"C:/Users/abhij/Documents/Unreal Projects/Dissertation/Content/StarterContent/Textures/T_Wood_Walnut_N.ubulk" 2092
"C:/Users/abhij/Documents/Unreal Projects/Dissertation/Content/StarterContent/Textures/T_Wood_Walnut_N.uasset" 2093
"C:/Users/abhij/Documents/Unreal Projects/Dissertation/Content/StarterContent/Textures/T_Wood_Walnut_N.uexp" 2094
"C:/Users/abhij/Documents/Unreal Projects/Dissertation/Content/StarterContent/Textures/T_Wood_Walnut_D.ubulk" 2095
"C:/Users/abhij/Documents/Unreal Projects/Dissertation/Content/StarterContent/Textures/T_Wood_Walnut_D.uasset" 2096
"C:/Users/abhij/Documents/Unreal Projects/Dissertation/Content/StarterContent/Textures/T_Wood_Walnut_D.uexp" 2097
"C:/Users/abhij/Documents/Unreal Projects/Dissertation/Content/StarterContent/Materials/M_Wood_Walnut.uasset" 2098
"C:/Users/abhij/Documents/Unreal Projects/Dissertation/Content/StarterContent/Materials/M_Wood_Walnut.uexp" 2099
"C:/Users/abhij/Documents/Unreal Projects/Dissertation/Content/StarterContent/Audio/Collapse_Cue.uasset" 2100
"C:/Users/abhij/Documents/Unreal Projects/Dissertation/Content/StarterContent/Audio/Collapse_Cue.uexp" 2101
"C:/Users/abhij/Documents/Unreal Projects/Dissertation/Content/StarterContent/Textures/T_Brick_Cut_Stone_N.ubulk" 2102
"C:/Users/abhij/Documents/Unreal Projects/Dissertation/Content/StarterContent/Textures/T_Brick_Cut_Stone_N.uasset" 2103
"C:/Users/abhij/Documents/Unreal Projects/Dissertation/Content/StarterContent/Textures/T_Brick_Cut_Stone_N.uexp" 2104
"C:/Users/abhij/Documents/Unreal Projects/Dissertation/Content/StarterContent/Textures/T_Brick_Cut_Stone_D.ubulk" 2105
"C:/Users/abhij/Documents/Unreal Projects/Dissertation/Content/StarterContent/Textures/T_Brick_Cut_Stone_D.uasset" 2106
"C:/Users/abhij/Documents/Unreal Projects/Dissertation/Content/StarterContent/Textures/T_Brick_Cut_Stone_D.uexp" 2107
"C:/Users/abhij/Documents/Unreal Projects/Dissertation/Content/StarterContent/Materials/M_Brick_Cut_Stone.uasset" 2108
"C:/Users/abhij/Documents/Unreal Projects/Dissertation/Content/StarterContent/Materials/M_Brick_Cut_Stone.uexp" 2109
"C:/Users/abhij/Documents/Unreal Projects/Dissertation/Content/StarterContent/Textures/T_Dust_Particle_D.ubulk" 2110
"C:/Users/abhij/Documents/Unreal Projects/Dissertation/Content/StarterContent/Textures/T_Dust_Particle_D.uasset" 2111
"C:/Users/abhij/Documents/Unreal Projects/Dissertation/Content/StarterContent/Textures/T_Dust_Particle_D.uexp" 2112
"C:/Users/abhij/Documents/Unreal Projects/Dissertation/Content/StarterContent/Particles/Materials/M_Dust_Particle.uasset" 2113
"C:/Users/abhij/Documents/Unreal Projects/Dissertation/Content/StarterContent/Particles/Materials/M_Dust_Particle.uexp" 2114
"C:/Users/abhij/Documents/Unreal Projects/Dissertation/Content/StarterContent/Particles/P_Ambient_Dust.uasset" 2115
"C:/Users/abhij/Documents/Unreal Projects/Dissertation/Content/StarterContent/Particles/P_Ambient_Dust.uexp" 2116
"C:/Users/abhij/Documents/Unreal Projects/Dissertation/Content/StarterContent/Props/SM_WindowFrame.ubulk" 2117
"C:/Users/abhij/Documents/Unreal Projects/Dissertation/Content/StarterContent/Props/SM_WindowFrame.uasset" 2118
"C:/Users/abhij/Documents/Unreal Projects/Dissertation/Content/StarterContent/Props/SM_WindowFrame.uexp" 2119
"C:/Users/abhij/Documents/Unreal Projects/Dissertation/Content/StarterContent/Textures/T_Metal_Copper_D.ubulk" 2120
"C:/Users/abhij/Documents/Unreal Projects/Dissertation/Content/StarterContent/Textures/T_Metal_Copper_D.uasset" 2121
"C:/Users/abhij/Documents/Unreal Projects/Dissertation/Content/StarterContent/Textures/T_Metal_Copper_D.uexp" 2122
"C:/Users/abhij/Documents/Unreal Projects/Dissertation/Content/StarterContent/Materials/M_Metal_Copper.uasset" 2123
"C:/Users/abhij/Documents/Unreal Projects/Dissertation/Content/StarterContent/Materials/M_Metal_Copper.uexp" 2124
"C:/Users/abhij/Documents/Unreal Projects/Dissertation/Content/StarterContent/Textures/T_Water_M.ubulk" 2125
"C:/Users/abhij/Documents/Unreal Projects/Dissertation/Content/StarterContent/Textures/T_Water_M.uasset" 2126
"C:/Users/abhij/Documents/Unreal Projects/Dissertation/Content/StarterContent/Textures/T_Water_M.uexp" 2127
"C:/Users/abhij/Documents/Unreal Projects/Dissertation/Content/StarterContent/Materials/M_Water_Ocean.uasset" 2128
"C:/Users/abhij/Documents/Unreal Projects/Dissertation/Content/StarterContent/Materials/M_Water_Ocean.uexp" 2129
"C:/Users/abhij/Documents/Unreal Projects/Dissertation/Content/StarterContent/Textures/T_CobbleStone_Pebble_N.ubulk" 2130
"C:/Users/abhij/Documents/Unreal Projects/Dissertation/Content/StarterContent/Textures/T_CobbleStone_Pebble_N.uasset" 2131
"C:/Users/abhij/Documents/Unreal Projects/Dissertation/Content/StarterContent/Textures/T_CobbleStone_Pebble_N.uexp" 2132
"C:/Users/abhij/Documents/Unreal Projects/Dissertation/Content/StarterContent/Textures/T_CobbleStone_Pebble_M.ubulk" 2133
"C:/Users/abhij/Documents/Unreal Projects/Dissertation/Content/StarterContent/Textures/T_CobbleStone_Pebble_M.uasset" 2134
"C:/Users/abhij/Documents/Unreal Projects/Dissertation/Content/StarterContent/Textures/T_CobbleStone_Pebble_M.uexp" 2135
"C:/Users/abhij/Documents/Unreal Projects/Dissertation/Content/StarterContent/Textures/T_CobbleStone_Pebble_D.ubulk" 2136
"C:/Users/abhij/Documents/Unreal Projects/Dissertation/Content/StarterContent/Textures/T_CobbleStone_Pebble_D.uasset" 2137
"C:/Users/abhij/Documents/Unreal Projects/Dissertation/Content/StarterContent/Textures/T_CobbleStone_Pebble_D.uexp" 2138
"C:/Users/abhij/Documents/Unreal Projects/Dissertation/Content/StarterContent/Materials/M_CobbleStone_Pebble.uasset" 2139
"C:/Users/abhij/Documents/Unreal Projects/Dissertation/Content/StarterContent/Materials/M_CobbleStone_Pebble.uexp" 2140
"C:/Users/abhij/Documents/Unreal Projects/Dissertation/Content/StarterContent/Textures/T_Brick_Clay_Old_N.ubulk" 2141
"C:/Users/abhij/Documents/Unreal Projects/Dissertation/Content/StarterContent/Textures/T_Brick_Clay_Old_N.uasset" 2142
"C:/Users/abhij/Documents/Unreal Projects/Dissertation/Content/StarterContent/Textures/T_Brick_Clay_Old_N.uexp" 2143
"C:/Users/abhij/Documents/Unreal Projects/Dissertation/Content/StarterContent/Textures/T_Brick_Clay_Old_D.ubulk" 2144
"C:/Users/abhij/Documents/Unreal Projects/Dissertation/Content/StarterContent/Textures/T_Brick_Clay_Old_D.uasset" 2145
"C:/Users/abhij/Documents/Unreal Projects/Dissertation/Content/StarterContent/Textures/T_Brick_Clay_Old_D.uexp" 2146
"C:/Users/abhij/Documents/Unreal Projects/Dissertation/Content/StarterContent/Materials/M_Brick_Clay_Old.uasset" 2147
"C:/Users/abhij/Documents/Unreal Projects/Dissertation/Content/StarterContent/Materials/M_Brick_Clay_Old.uexp" 2148
"C:/Users/abhij/Documents/Unreal Projects/Dissertation/Content/StarterContent/Textures/T_Metal_Steel_D.ubulk" 2149
"C:/Users/abhij/Documents/Unreal Projects/Dissertation/Content/StarterContent/Textures/T_Metal_Steel_D.uasset" 2150
"C:/Users/abhij/Documents/Unreal Projects/Dissertation/Content/StarterContent/Textures/T_Metal_Steel_D.uexp" 2151
"C:/Users/abhij/Documents/Unreal Projects/Dissertation/Content/StarterContent/Textures/T_Metal_Steel_N.ubulk" 2152
"C:/Users/abhij/Documents/Unreal Projects/Dissertation/Content/StarterContent/Textures/T_Metal_Steel_N.uasset" 2153
"C:/Users/abhij/Documents/Unreal Projects/Dissertation/Content/StarterContent/Textures/T_Metal_Steel_N.uexp" 2154
"C:/Users/abhij/Documents/Unreal Projects/Dissertation/Content/StarterContent/Materials/M_Metal_Steel.uasset" 2155
"C:/Users/abhij/Documents/Unreal Projects/Dissertation/Content/StarterContent/Materials/M_Metal_Steel.uexp" 2156
"C:/Users/abhij/Documents/Unreal Projects/Dissertation/Content/StarterContent/Materials/M_Wood_Floor_Walnut_Polished.uasset" 2157
"C:/Users/abhij/Documents/Unreal Projects/Dissertation/Content/StarterContent/Materials/M_Wood_Floor_Walnut_Polished.uexp" 2158
"C:/Users/abhij/Documents/Unreal Projects/Dissertation/Content/StarterContent/Props/SM_Lamp_Wall.ubulk" 2159
"C:/Users/abhij/Documents/Unreal Projects/Dissertation/Content/StarterContent/Props/SM_Lamp_Wall.uasset" 2160
"C:/Users/abhij/Documents/Unreal Projects/Dissertation/Content/StarterContent/Props/SM_Lamp_Wall.uexp" 2161
"C:/Users/abhij/Documents/Unreal Projects/Dissertation/Content/StarterContent/Blueprints/Blueprint_WallSconce.uasset" 2162
"C:/Users/abhij/Documents/Unreal Projects/Dissertation/Content/StarterContent/Blueprints/Blueprint_WallSconce.uexp" 2163
"C:/Users/abhij/Documents/Unreal Projects/Dissertation/Content/StarterContent/Textures/T_Tech_Panel_N.ubulk" 2164
"C:/Users/abhij/Documents/Unreal Projects/Dissertation/Content/StarterContent/Textures/T_Tech_Panel_N.uasset" 2165
"C:/Users/abhij/Documents/Unreal Projects/Dissertation/Content/StarterContent/Textures/T_Tech_Panel_N.uexp" 2166
"C:/Users/abhij/Documents/Unreal Projects/Dissertation/Content/StarterContent/Textures/T_Tech_Panel_M.ubulk" 2167
"C:/Users/abhij/Documents/Unreal Projects/Dissertation/Content/StarterContent/Textures/T_Tech_Panel_M.uasset" 2168
"C:/Users/abhij/Documents/Unreal Projects/Dissertation/Content/StarterContent/Textures/T_Tech_Panel_M.uexp" 2169
"C:/Users/abhij/Documents/Unreal Projects/Dissertation/Content/StarterContent/Materials/M_Tech_Panel.uasset" 2170
"C:/Users/abhij/Documents/Unreal Projects/Dissertation/Content/StarterContent/Materials/M_Tech_Panel.uexp" 2171
"C:/Users/abhij/Documents/Unreal Projects/Dissertation/Content/StarterContent/Materials/M_Tech_Hex_Tile_Pulse.uasset" 2172
"C:/Users/abhij/Documents/Unreal Projects/Dissertation/Content/StarterContent/Materials/M_Tech_Hex_Tile_Pulse.uexp" 2173
"C:/Users/abhij/Documents/Unreal Projects/Dissertation/Content/StarterContent/Props/SM_PillarFrame.ubulk" 2174
"C:/Users/abhij/Documents/Unreal Projects/Dissertation/Content/StarterContent/Props/SM_PillarFrame.uasset" 2175
"C:/Users/abhij/Documents/Unreal Projects/Dissertation/Content/StarterContent/Props/SM_PillarFrame.uexp" 2176
"C:/Users/abhij/Documents/Unreal Projects/Dissertation/Content/StarterContent/Textures/T_TableRound_N.ubulk" 2177
"C:/Users/abhij/Documents/Unreal Projects/Dissertation/Content/StarterContent/Textures/T_TableRound_N.uasset" 2178
"C:/Users/abhij/Documents/Unreal Projects/Dissertation/Content/StarterContent/Textures/T_TableRound_N.uexp" 2179
"C:/Users/abhij/Documents/Unreal Projects/Dissertation/Content/StarterContent/Textures/T_TableRound_M.ubulk" 2180
"C:/Users/abhij/Documents/Unreal Projects/Dissertation/Content/StarterContent/Textures/T_TableRound_M.uasset" 2181
"C:/Users/abhij/Documents/Unreal Projects/Dissertation/Content/StarterContent/Textures/T_TableRound_M.uexp" 2182
"C:/Users/abhij/Documents/Unreal Projects/Dissertation/Content/StarterContent/Props/Materials/M_TableRound.uasset" 2183
"C:/Users/abhij/Documents/Unreal Projects/Dissertation/Content/StarterContent/Props/Materials/M_TableRound.uexp" 2184
"C:/Users/abhij/Documents/Unreal Projects/Dissertation/Content/StarterContent/Props/SM_TableRound.ubulk" 2185
"C:/Users/abhij/Documents/Unreal Projects/Dissertation/Content/StarterContent/Props/SM_TableRound.uasset" 2186
"C:/Users/abhij/Documents/Unreal Projects/Dissertation/Content/StarterContent/Props/SM_TableRound.uexp" 2187
"C:/Users/abhij/Documents/Unreal Projects/Dissertation/Content/StarterContent/Textures/T_Fire_Tiled_D.ubulk" 2188
"C:/Users/abhij/Documents/Unreal Projects/Dissertation/Content/StarterContent/Textures/T_Fire_Tiled_D.uasset" 2189
"C:/Users/abhij/Documents/Unreal Projects/Dissertation/Content/StarterContent/Textures/T_Fire_Tiled_D.uexp" 2190
"C:/Users/abhij/Documents/Unreal Projects/Dissertation/Content/StarterContent/Textures/T_Fire_SubUV.ubulk" 2191
"C:/Users/abhij/Documents/Unreal Projects/Dissertation/Content/StarterContent/Textures/T_Fire_SubUV.uasset" 2192
"C:/Users/abhij/Documents/Unreal Projects/Dissertation/Content/StarterContent/Textures/T_Fire_SubUV.uexp" 2193
"C:/Users/abhij/Documents/Unreal Projects/Dissertation/Content/StarterContent/Particles/Materials/M_Fire_SubUV.uasset" 2194
"C:/Users/abhij/Documents/Unreal Projects/Dissertation/Content/StarterContent/Particles/Materials/M_Fire_SubUV.uexp" 2195
"C:/Users/abhij/Documents/Unreal Projects/Dissertation/Content/StarterContent/Particles/Materials/M_Heat_Distortion.uasset" 2196
"C:/Users/abhij/Documents/Unreal Projects/Dissertation/Content/StarterContent/Particles/Materials/M_Heat_Distortion.uexp" 2197
"C:/Users/abhij/Documents/Unreal Projects/Dissertation/Content/StarterContent/Particles/P_Fire.uasset" 2198
"C:/Users/abhij/Documents/Unreal Projects/Dissertation/Content/StarterContent/Particles/P_Fire.uexp" 2199
"C:/Users/abhij/Documents/Unreal Projects/Dissertation/Content/StarterContent/Audio/Fire01_Cue.uasset" 2200
"C:/Users/abhij/Documents/Unreal Projects/Dissertation/Content/StarterContent/Audio/Fire01_Cue.uexp" 2201
"C:/Users/abhij/Documents/Unreal Projects/Dissertation/Content/StarterContent/Blueprints/Blueprint_Effect_Fire.uasset" 2202
"C:/Users/abhij/Documents/Unreal Projects/Dissertation/Content/StarterContent/Blueprints/Blueprint_Effect_Fire.uexp" 2203
"C:/Users/abhij/Documents/Unreal Projects/Dissertation/Content/StarterContent/Textures/T_Wood_Oak_N.ubulk" 2204
"C:/Users/abhij/Documents/Unreal Projects/Dissertation/Content/StarterContent/Textures/T_Wood_Oak_N.uasset" 2205
"C:/Users/abhij/Documents/Unreal Projects/Dissertation/Content/StarterContent/Textures/T_Wood_Oak_N.uexp" 2206
"C:/Users/abhij/Documents/Unreal Projects/Dissertation/Content/StarterContent/Textures/T_Wood_Oak_D.ubulk" 2207
"C:/Users/abhij/Documents/Unreal Projects/Dissertation/Content/StarterContent/Textures/T_Wood_Oak_D.uasset" 2208
"C:/Users/abhij/Documents/Unreal Projects/Dissertation/Content/StarterContent/Textures/T_Wood_Oak_D.uexp" 2209
"C:/Users/abhij/Documents/Unreal Projects/Dissertation/Content/StarterContent/Materials/M_Wood_Oak.uasset" 2210
"C:/Users/abhij/Documents/Unreal Projects/Dissertation/Content/StarterContent/Materials/M_Wood_Oak.uexp" 2211
"C:/Users/abhij/Documents/Unreal Projects/Dissertation/Content/StarterContent/Architecture/Wall_Window_400x300.ubulk" 2212
"C:/Users/abhij/Documents/Unreal Projects/Dissertation/Content/StarterContent/Architecture/Wall_Window_400x300.uasset" 2213
"C:/Users/abhij/Documents/Unreal Projects/Dissertation/Content/StarterContent/Architecture/Wall_Window_400x300.uexp" 2214
"C:/Users/abhij/Documents/Unreal Projects/Dissertation/Content/StarterContent/Textures/T_Brick_Hewn_Stone_N.ubulk" 2215
"C:/Users/abhij/Documents/Unreal Projects/Dissertation/Content/StarterContent/Textures/T_Brick_Hewn_Stone_N.uasset" 2216
"C:/Users/abhij/Documents/Unreal Projects/Dissertation/Content/StarterContent/Textures/T_Brick_Hewn_Stone_N.uexp" 2217
"C:/Users/abhij/Documents/Unreal Projects/Dissertation/Content/StarterContent/Textures/T_Brick_Hewn_Stone_D.ubulk" 2218
"C:/Users/abhij/Documents/Unreal Projects/Dissertation/Content/StarterContent/Textures/T_Brick_Hewn_Stone_D.uasset" 2219
"C:/Users/abhij/Documents/Unreal Projects/Dissertation/Content/StarterContent/Textures/T_Brick_Hewn_Stone_D.uexp" 2220
"C:/Users/abhij/Documents/Unreal Projects/Dissertation/Content/StarterContent/Textures/T_Brick_Hewn_Stone_M.ubulk" 2221
"C:/Users/abhij/Documents/Unreal Projects/Dissertation/Content/StarterContent/Textures/T_Brick_Hewn_Stone_M.uasset" 2222
"C:/Users/abhij/Documents/Unreal Projects/Dissertation/Content/StarterContent/Textures/T_Brick_Hewn_Stone_M.uexp" 2223
"C:/Users/abhij/Documents/Unreal Projects/Dissertation/Content/StarterContent/Materials/M_Brick_Hewn_Stone.uasset" 2224
"C:/Users/abhij/Documents/Unreal Projects/Dissertation/Content/StarterContent/Materials/M_Brick_Hewn_Stone.uexp" 2225
"C:/Users/abhij/Documents/Unreal Projects/Dissertation/Content/StarterContent/Audio/Smoke01_Cue.uasset" 2226
"C:/Users/abhij/Documents/Unreal Projects/Dissertation/Content/StarterContent/Audio/Smoke01_Cue.uexp" 2227
"C:/Users/abhij/Documents/Unreal Projects/Dissertation/Content/StarterContent/Particles/P_Smoke.uasset" 2228
"C:/Users/abhij/Documents/Unreal Projects/Dissertation/Content/StarterContent/Particles/P_Smoke.uexp" 2229
"C:/Users/abhij/Documents/Unreal Projects/Dissertation/Content/StarterContent/Blueprints/Blueprint_Effect_Smoke.uasset" 2230
"C:/Users/abhij/Documents/Unreal Projects/Dissertation/Content/StarterContent/Blueprints/Blueprint_Effect_Smoke.uexp" 2231
"C:/Users/abhij/Documents/Unreal Projects/Dissertation/Content/StarterContent/Textures/T_CobbleStone_Rough_N.ubulk" 2232
"C:/Users/abhij/Documents/Unreal Projects/Dissertation/Content/StarterContent/Textures/T_CobbleStone_Rough_N.uasset" 2233
"C:/Users/abhij/Documents/Unreal Projects/Dissertation/Content/StarterContent/Textures/T_CobbleStone_Rough_N.uexp" 2234
"C:/Users/abhij/Documents/Unreal Projects/Dissertation/Content/StarterContent/Textures/T_CobbleStone_Rough_D.ubulk" 2235
"C:/Users/abhij/Documents/Unreal Projects/Dissertation/Content/StarterContent/Textures/T_CobbleStone_Rough_D.uasset" 2236
"C:/Users/abhij/Documents/Unreal Projects/Dissertation/Content/StarterContent/Textures/T_CobbleStone_Rough_D.uexp" 2237
"C:/Users/abhij/Documents/Unreal Projects/Dissertation/Content/StarterContent/Materials/M_CobbleStone_Rough.uasset" 2238
"C:/Users/abhij/Documents/Unreal Projects/Dissertation/Content/StarterContent/Materials/M_CobbleStone_Rough.uexp" 2239
"C:/Users/abhij/Documents/Unreal Projects/Dissertation/Content/StarterContent/Textures/T_Statue_M.ubulk" 2240
"C:/Users/abhij/Documents/Unreal Projects/Dissertation/Content/StarterContent/Textures/T_Statue_M.uasset" 2241
"C:/Users/abhij/Documents/Unreal Projects/Dissertation/Content/StarterContent/Textures/T_Statue_M.uexp" 2242
"C:/Users/abhij/Documents/Unreal Projects/Dissertation/Content/StarterContent/Textures/T_Statue_N.ubulk" 2243
"C:/Users/abhij/Documents/Unreal Projects/Dissertation/Content/StarterContent/Textures/T_Statue_N.uasset" 2244
"C:/Users/abhij/Documents/Unreal Projects/Dissertation/Content/StarterContent/Textures/T_Statue_N.uexp" 2245
"C:/Users/abhij/Documents/Unreal Projects/Dissertation/Content/StarterContent/Props/Materials/M_Statue.uasset" 2246
"C:/Users/abhij/Documents/Unreal Projects/Dissertation/Content/StarterContent/Props/Materials/M_Statue.uexp" 2247
"C:/Users/abhij/Documents/Unreal Projects/Dissertation/Content/StarterContent/Props/Materials/M_StatueGlass.uasset" 2248
"C:/Users/abhij/Documents/Unreal Projects/Dissertation/Content/StarterContent/Props/Materials/M_StatueGlass.uexp" 2249
"C:/Users/abhij/Documents/Unreal Projects/Dissertation/Content/StarterContent/Props/SM_Statue.ubulk" 2250
"C:/Users/abhij/Documents/Unreal Projects/Dissertation/Content/StarterContent/Props/SM_Statue.uasset" 2251
"C:/Users/abhij/Documents/Unreal Projects/Dissertation/Content/StarterContent/Props/SM_Statue.uexp" 2252
"C:/Users/abhij/Documents/Unreal Projects/Dissertation/Content/StarterContent/Textures/T_ground_Moss_D.ubulk" 2253
"C:/Users/abhij/Documents/Unreal Projects/Dissertation/Content/StarterContent/Textures/T_ground_Moss_D.uasset" 2254
"C:/Users/abhij/Documents/Unreal Projects/Dissertation/Content/StarterContent/Textures/T_ground_Moss_D.uexp" 2255
"C:/Users/abhij/Documents/Unreal Projects/Dissertation/Content/StarterContent/Textures/T_Ground_Moss_N.ubulk" 2256
"C:/Users/abhij/Documents/Unreal Projects/Dissertation/Content/StarterContent/Textures/T_Ground_Moss_N.uasset" 2257
"C:/Users/abhij/Documents/Unreal Projects/Dissertation/Content/StarterContent/Textures/T_Ground_Moss_N.uexp" 2258
"C:/Users/abhij/Documents/Unreal Projects/Dissertation/Content/StarterContent/Materials/M_Ground_Moss.uasset" 2259
"C:/Users/abhij/Documents/Unreal Projects/Dissertation/Content/StarterContent/Materials/M_Ground_Moss.uexp" 2260
"C:/Users/abhij/Documents/Unreal Projects/Dissertation/Content/StarterContent/Props/SM_PillarFrame300.ubulk" 2261
"C:/Users/abhij/Documents/Unreal Projects/Dissertation/Content/StarterContent/Props/SM_PillarFrame300.uasset" 2262
"C:/Users/abhij/Documents/Unreal Projects/Dissertation/Content/StarterContent/Props/SM_PillarFrame300.uexp" 2263
"C:/Users/abhij/Documents/Unreal Projects/Dissertation/Content/StarterContent/Materials/M_Metal_Chrome.uasset" 2264
"C:/Users/abhij/Documents/Unreal Projects/Dissertation/Content/StarterContent/Materials/M_Metal_Chrome.uexp" 2265
"C:/Users/abhij/Documents/Unreal Projects/Dissertation/Content/StarterContent/Textures/T_Metal_Gold_D.ubulk" 2266
"C:/Users/abhij/Documents/Unreal Projects/Dissertation/Content/StarterContent/Textures/T_Metal_Gold_D.uasset" 2267
"C:/Users/abhij/Documents/Unreal Projects/Dissertation/Content/StarterContent/Textures/T_Metal_Gold_D.uexp" 2268
"C:/Users/abhij/Documents/Unreal Projects/Dissertation/Content/StarterContent/Materials/M_Metal_Gold.uasset" 2269
"C:/Users/abhij/Documents/Unreal Projects/Dissertation/Content/StarterContent/Materials/M_Metal_Gold.uexp" 2270
"C:/Users/abhij/Documents/Unreal Projects/Dissertation/Content/StarterContent/Textures/T_Ground_Grass_D.ubulk" 2271
"C:/Users/abhij/Documents/Unreal Projects/Dissertation/Content/StarterContent/Textures/T_Ground_Grass_D.uasset" 2272
"C:/Users/abhij/Documents/Unreal Projects/Dissertation/Content/StarterContent/Textures/T_Ground_Grass_D.uexp" 2273
"C:/Users/abhij/Documents/Unreal Projects/Dissertation/Content/StarterContent/Textures/T_Ground_Grass_N.ubulk" 2274
"C:/Users/abhij/Documents/Unreal Projects/Dissertation/Content/StarterContent/Textures/T_Ground_Grass_N.uasset" 2275
"C:/Users/abhij/Documents/Unreal Projects/Dissertation/Content/StarterContent/Textures/T_Ground_Grass_N.uexp" 2276
"C:/Users/abhij/Documents/Unreal Projects/Dissertation/Content/StarterContent/Materials/M_Ground_Grass.uasset" 2277
"C:/Users/abhij/Documents/Unreal Projects/Dissertation/Content/StarterContent/Materials/M_Ground_Grass.uexp" 2278
"C:/Users/abhij/Documents/Unreal Projects/Dissertation/Content/StarterContent/Audio/Starter_Background_Cue.uasset" 2279
"C:/Users/abhij/Documents/Unreal Projects/Dissertation/Content/StarterContent/Audio/Starter_Background_Cue.uexp" 2280
"C:/Users/abhij/Documents/Unreal Projects/Dissertation/Content/StarterContent/Maps/StarterMap_BuiltData.ubulk" 2281
"C:/Users/abhij/Documents/Unreal Projects/Dissertation/Content/StarterContent/Maps/StarterMap_BuiltData.uasset" 2282
"C:/Users/abhij/Documents/Unreal Projects/Dissertation/Content/StarterContent/Maps/StarterMap_BuiltData.uexp" 2283
"C:/Users/abhij/Documents/Unreal Projects/Dissertation/Content/StarterContent/Props/SM_CornerFrame.ubulk" 2284
"C:/Users/abhij/Documents/Unreal Projects/Dissertation/Content/StarterContent/Props/SM_CornerFrame.uasset" 2285
"C:/Users/abhij/Documents/Unreal Projects/Dissertation/Content/StarterContent/Props/SM_CornerFrame.uexp" 2286
"C:/Users/abhij/Documents/Unreal Projects/Dissertation/Content/StarterContent/Audio/Starter_Music_Cue.uasset" 2287
"C:/Users/abhij/Documents/Unreal Projects/Dissertation/Content/StarterContent/Audio/Starter_Music_Cue.uexp" 2288
"../../../Engine/Content/EngineSky/M_SimpleSkyDome.uasset" 2289
"../../../Engine/Content/EngineSky/M_SimpleSkyDome.uexp" 2290
"C:/Users/abhij/Documents/Unreal Projects/Dissertation/Content/StarterContent/Shapes/Shape_QuadPyramid.ubulk" 2291
"C:/Users/abhij/Documents/Unreal Projects/Dissertation/Content/StarterContent/Shapes/Shape_QuadPyramid.uasset" 2292
"C:/Users/abhij/Documents/Unreal Projects/Dissertation/Content/StarterContent/Shapes/Shape_QuadPyramid.uexp" 2293
"C:/Users/abhij/Documents/Unreal Projects/Dissertation/Content/StarterContent/Textures/T_Brick_Clay_New_D.ubulk" 2294
"C:/Users/abhij/Documents/Unreal Projects/Dissertation/Content/StarterContent/Textures/T_Brick_Clay_New_D.uasset" 2295
"C:/Users/abhij/Documents/Unreal Projects/Dissertation/Content/StarterContent/Textures/T_Brick_Clay_New_D.uexp" 2296
"C:/Users/abhij/Documents/Unreal Projects/Dissertation/Content/StarterContent/Textures/T_Brick_Clay_New_M.uasset" 2297
"C:/Users/abhij/Documents/Unreal Projects/Dissertation/Content/StarterContent/Textures/T_Brick_Clay_New_M.uexp" 2298
"C:/Users/abhij/Documents/Unreal Projects/Dissertation/Content/StarterContent/Textures/T_Brick_Clay_New_N.uasset" 2299
"C:/Users/abhij/Documents/Unreal Projects/Dissertation/Content/StarterContent/Textures/T_Brick_Clay_New_N.uexp" 2300
"C:/Users/abhij/Documents/Unreal Projects/Dissertation/Content/StarterContent/Materials/M_Brick_Clay_New.uasset" 2301
"C:/Users/abhij/Documents/Unreal Projects/Dissertation/Content/StarterContent/Materials/M_Brick_Clay_New.uexp" 2302
"C:/Users/abhij/Documents/Unreal Projects/Dissertation/Content/StarterContent/Textures/T_Metal_Aluminum_D.ubulk" 2303
"C:/Users/abhij/Documents/Unreal Projects/Dissertation/Content/StarterContent/Textures/T_Metal_Aluminum_D.uasset" 2304
"C:/Users/abhij/Documents/Unreal Projects/Dissertation/Content/StarterContent/Textures/T_Metal_Aluminum_D.uexp" 2305
"C:/Users/abhij/Documents/Unreal Projects/Dissertation/Content/StarterContent/Materials/M_Metal_Burnished_Steel.uasset" 2306
"C:/Users/abhij/Documents/Unreal Projects/Dissertation/Content/StarterContent/Materials/M_Metal_Burnished_Steel.uexp" 2307
"C:/Users/abhij/Documents/Unreal Projects/Dissertation/Content/StarterContent/Props/SM_Chair.ubulk" 2308
"C:/Users/abhij/Documents/Unreal Projects/Dissertation/Content/StarterContent/Props/SM_Chair.uasset" 2309
"C:/Users/abhij/Documents/Unreal Projects/Dissertation/Content/StarterContent/Props/SM_Chair.uexp" 2310
"C:/Users/abhij/Documents/Unreal Projects/Dissertation/Content/StarterContent/Textures/T_Concrete_Panels_D.ubulk" 2311
"C:/Users/abhij/Documents/Unreal Projects/Dissertation/Content/StarterContent/Textures/T_Concrete_Panels_D.uasset" 2312
"C:/Users/abhij/Documents/Unreal Projects/Dissertation/Content/StarterContent/Textures/T_Concrete_Panels_D.uexp" 2313
"C:/Users/abhij/Documents/Unreal Projects/Dissertation/Content/StarterContent/Textures/T_Concrete_Panels_N.ubulk" 2314
"C:/Users/abhij/Documents/Unreal Projects/Dissertation/Content/StarterContent/Textures/T_Concrete_Panels_N.uasset" 2315
"C:/Users/abhij/Documents/Unreal Projects/Dissertation/Content/StarterContent/Textures/T_Concrete_Panels_N.uexp" 2316
"C:/Users/abhij/Documents/Unreal Projects/Dissertation/Content/StarterContent/Materials/M_Concrete_Panels.uasset" 2317
"C:/Users/abhij/Documents/Unreal Projects/Dissertation/Content/StarterContent/Materials/M_Concrete_Panels.uexp" 2318
"C:/Users/abhij/Documents/Unreal Projects/Dissertation/Content/StarterContent/Maps/StarterMap.uexp" 2319
"C:/Users/abhij/Documents/Unreal Projects/Dissertation/Content/StarterContent/Maps/StarterMap.umap" 2320
"C:/Users/abhij/Documents/Unreal Projects/Dissertation/Content/StarterContent/Maps/Minimal_Default_BuiltData.ubulk" 2321
"C:/Users/abhij/Documents/Unreal Projects/Dissertation/Content/StarterContent/Maps/Minimal_Default_BuiltData.uasset" 2322
"C:/Users/abhij/Documents/Unreal Projects/Dissertation/Content/StarterContent/Maps/Minimal_Default_BuiltData.uexp" 2323
"C:/Users/abhij/Documents/Unreal Projects/Dissertation/Content/StarterContent/Maps/Minimal_Default.uexp" 2324
"C:/Users/abhij/Documents/Unreal Projects/Dissertation/Content/StarterContent/Maps/Minimal_Default.umap" 2325
"C:/Users/abhij/Documents/Unreal Projects/Dissertation/Content/StarterContent/Maps/Advanced_Lighting_BuiltData.ubulk" 2326
"C:/Users/abhij/Documents/Unreal Projects/Dissertation/Content/StarterContent/Maps/Advanced_Lighting_BuiltData.uasset" 2327
"C:/Users/abhij/Documents/Unreal Projects/Dissertation/Content/StarterContent/Maps/Advanced_Lighting_BuiltData.uexp" 2328
"C:/Users/abhij/Documents/Unreal Projects/Dissertation/Content/StarterContent/Materials/M_AssetPlatform.uasset" 2329
"C:/Users/abhij/Documents/Unreal Projects/Dissertation/Content/StarterContent/Materials/M_AssetPlatform.uexp" 2330
"C:/Users/abhij/Documents/Unreal Projects/Dissertation/Content/StarterContent/Architecture/SM_AssetPlatform.ubulk" 2331
"C:/Users/abhij/Documents/Unreal Projects/Dissertation/Content/StarterContent/Architecture/SM_AssetPlatform.uasset" 2332
"C:/Users/abhij/Documents/Unreal Projects/Dissertation/Content/StarterContent/Architecture/SM_AssetPlatform.uexp" 2333
"../../../Engine/Content/MapTemplates/Sky/DaylightAmbientCubemap.uasset" 2334
"../../../Engine/Content/MapTemplates/Sky/DaylightAmbientCubemap.uexp" 2335
"C:/Users/abhij/Documents/Unreal Projects/Dissertation/Content/StarterContent/Blueprints/Assets/M_LightStage_Skybox_Master.uasset" 2336
"C:/Users/abhij/Documents/Unreal Projects/Dissertation/Content/StarterContent/Blueprints/Assets/M_LightStage_Skybox_Master.uexp" 2337
"C:/Users/abhij/Documents/Unreal Projects/Dissertation/Content/StarterContent/Blueprints/Assets/M_LightStage_Skybox_HDRI.uasset" 2338
"C:/Users/abhij/Documents/Unreal Projects/Dissertation/Content/StarterContent/Blueprints/Assets/M_LightStage_Skybox_HDRI.uexp" 2339
"C:/Users/abhij/Documents/Unreal Projects/Dissertation/Content/StarterContent/HDRI/HDRI_Epic_Courtyard_Daylight.uasset" 2340
"C:/Users/abhij/Documents/Unreal Projects/Dissertation/Content/StarterContent/HDRI/HDRI_Epic_Courtyard_Daylight.uexp" 2341
"C:/Users/abhij/Documents/Unreal Projects/Dissertation/Content/StarterContent/Blueprints/Assets/SunlightColorLUT.uasset" 2342
"C:/Users/abhij/Documents/Unreal Projects/Dissertation/Content/StarterContent/Blueprints/Assets/SunlightColorLUT.uexp" 2343
"C:/Users/abhij/Documents/Unreal Projects/Dissertation/Content/StarterContent/Blueprints/Assets/M_LightStage_Skybox_Black.uasset" 2344
"C:/Users/abhij/Documents/Unreal Projects/Dissertation/Content/StarterContent/Blueprints/Assets/M_LightStage_Skybox_Black.uexp" 2345
"C:/Users/abhij/Documents/Unreal Projects/Dissertation/Content/StarterContent/Blueprints/Assets/FogBrightnessLUT.uasset" 2346
"C:/Users/abhij/Documents/Unreal Projects/Dissertation/Content/StarterContent/Blueprints/Assets/FogBrightnessLUT.uexp" 2347
"C:/Users/abhij/Documents/Unreal Projects/Dissertation/Content/StarterContent/Blueprints/Assets/SM_Arrows.ubulk" 2348
"C:/Users/abhij/Documents/Unreal Projects/Dissertation/Content/StarterContent/Blueprints/Assets/SM_Arrows.uasset" 2349
"C:/Users/abhij/Documents/Unreal Projects/Dissertation/Content/StarterContent/Blueprints/Assets/SM_Arrows.uexp" 2350
"C:/Users/abhij/Documents/Unreal Projects/Dissertation/Content/StarterContent/Blueprints/Assets/M_LightStage_Arrows.uasset" 2351
"C:/Users/abhij/Documents/Unreal Projects/Dissertation/Content/StarterContent/Blueprints/Assets/M_LightStage_Arrows.uexp" 2352
"../../../Engine/Content/ArtTools/RenderToTexture/MaterialFunctions/CheckerPattern.uasset" 2353
"../../../Engine/Content/ArtTools/RenderToTexture/MaterialFunctions/CheckerPattern.uexp" 2354
"../../../Engine/Content/Functions/Engine_MaterialFunctions02/ScreenResolution.uasset" 2355
"../../../Engine/Content/Functions/Engine_MaterialFunctions02/ScreenResolution.uexp" 2356
"../../../Engine/Content/Functions/Engine_MaterialFunctions02/Texturing/ScreenAlignedUVs.uasset" 2357
"../../../Engine/Content/Functions/Engine_MaterialFunctions02/Texturing/ScreenAlignedUVs.uexp" 2358
"../../../Engine/Content/EditorMaterials/Thumbnails/SkySphereMaterial.uasset" 2359
"../../../Engine/Content/EditorMaterials/Thumbnails/SkySphereMaterial.uexp" 2360
"C:/Users/abhij/Documents/Unreal Projects/Dissertation/Content/StarterContent/Blueprints/Assets/Skybox.ubulk" 2361
"C:/Users/abhij/Documents/Unreal Projects/Dissertation/Content/StarterContent/Blueprints/Assets/Skybox.uasset" 2362
"C:/Users/abhij/Documents/Unreal Projects/Dissertation/Content/StarterContent/Blueprints/Assets/Skybox.uexp" 2363
"C:/Users/abhij/Documents/Unreal Projects/Dissertation/Content/StarterContent/Blueprints/BP_LightStudio.uasset" 2364
"C:/Users/abhij/Documents/Unreal Projects/Dissertation/Content/StarterContent/Blueprints/BP_LightStudio.uexp" 2365
"../../../Engine/Content/EditorMeshes/ColorCalibrator/M_GreyBall.uasset" 2366
"../../../Engine/Content/EditorMeshes/ColorCalibrator/M_GreyBall.uexp" 2367
"../../../Engine/Content/EditorMeshes/ColorCalibrator/M_ClearCoat.uasset" 2368
"../../../Engine/Content/EditorMeshes/ColorCalibrator/M_ClearCoat.uexp" 2369
"../../../Engine/Content/EditorMeshes/ColorCalibrator/M_ChromeBall.uasset" 2370
"../../../Engine/Content/EditorMeshes/ColorCalibrator/M_ChromeBall.uexp" 2371
"../../../Engine/Content/EditorMeshes/ColorCalibrator/M_ClearCoatBlack.uasset" 2372
"../../../Engine/Content/EditorMeshes/ColorCalibrator/M_ClearCoatBlack.uexp" 2373
"../../../Engine/Content/EditorMeshes/ColorCalibrator/Color_checker.ubulk" 2374
"../../../Engine/Content/EditorMeshes/ColorCalibrator/Color_checker.uasset" 2375
"../../../Engine/Content/EditorMeshes/ColorCalibrator/Color_checker.uexp" 2376
"../../../Engine/Content/EditorMeshes/ColorCalibrator/M_ColorGrid.uasset" 2377
"../../../Engine/Content/EditorMeshes/ColorCalibrator/M_ColorGrid.uexp" 2378
"../../../Engine/Content/EditorMeshes/ColorCalibrator/SM_ColorCalibrator.ubulk" 2379
"../../../Engine/Content/EditorMeshes/ColorCalibrator/SM_ColorCalibrator.uasset" 2380
"../../../Engine/Content/EditorMeshes/ColorCalibrator/SM_ColorCalibrator.uexp" 2381
"C:/Users/abhij/Documents/Unreal Projects/Dissertation/Content/StarterContent/Maps/Advanced_Lighting.uexp" 2382
"C:/Users/abhij/Documents/Unreal Projects/Dissertation/Content/StarterContent/Maps/Advanced_Lighting.umap" 2383
